id,invitee_id,event_id,status,createdAt,updatedAt
1,5,1,declined,2022-11-22 15:56:46.615-08,2022-11-22 15:56:46.615-08
2,102,1,accepted,2022-11-22 15:56:46.615-08,2022-11-22 15:56:46.615-08
3,92,1,accepted,2022-11-22 15:56:46.615-08,2022-11-22 15:56:46.615-08
4,28,1,declined,2022-11-22 15:56:46.615-08,2022-11-22 15:56:46.615-08
5,87,1,pending,2022-11-22 15:56:46.615-08,2022-11-22 15:56:46.615-08
6,41,1,declined,2022-11-22 15:56:46.615-08,2022-11-22 15:56:46.615-08
7,38,1,accepted,2022-11-22 15:56:46.615-08,2022-11-22 15:56:46.615-08
8,125,1,accepted,2022-11-22 15:56:46.615-08,2022-11-22 15:56:46.615-08
9,15,1,declined,2022-11-22 15:56:46.615-08,2022-11-22 15:56:46.615-08
10,49,1,accepted,2022-11-22 15:56:46.615-08,2022-11-22 15:56:46.615-08
11,131,2,accepted,2022-11-22 15:56:46.615-08,2022-11-22 15:56:46.615-08
12,61,2,declined,2022-11-22 15:56:46.615-08,2022-11-22 15:56:46.615-08
13,84,2,pending,2022-11-22 15:56:46.615-08,2022-11-22 15:56:46.615-08
14,30,2,declined,2022-11-22 15:56:46.615-08,2022-11-22 15:56:46.615-08
15,73,2,pending,2022-11-22 15:56:46.615-08,2022-11-22 15:56:46.615-08
16,98,2,pending,2022-11-22 15:56:46.615-08,2022-11-22 15:56:46.615-08
17,128,2,accepted,2022-11-22 15:56:46.615-08,2022-11-22 15:56:46.615-08
18,101,2,declined,2022-11-22 15:56:46.615-08,2022-11-22 15:56:46.615-08
19,13,3,accepted,2022-11-22 15:56:46.615-08,2022-11-22 15:56:46.615-08
20,88,3,accepted,2022-11-22 15:56:46.615-08,2022-11-22 15:56:46.615-08
21,57,3,accepted,2022-11-22 15:56:46.615-08,2022-11-22 15:56:46.615-08
22,15,3,declined,2022-11-22 15:56:46.615-08,2022-11-22 15:56:46.615-08
23,17,4,accepted,2022-11-22 15:56:46.615-08,2022-11-22 15:56:46.615-08
24,20,4,accepted,2022-11-22 15:56:46.615-08,2022-11-22 15:56:46.615-08
25,14,4,accepted,2022-11-22 15:56:46.615-08,2022-11-22 15:56:46.615-08
26,103,4,declined,2022-11-22 15:56:46.615-08,2022-11-22 15:56:46.615-08
27,50,5,accepted,2022-11-22 15:56:46.615-08,2022-11-22 15:56:46.615-08
28,127,5,pending,2022-11-22 15:56:46.615-08,2022-11-22 15:56:46.615-08
29,78,5,accepted,2022-11-22 15:56:46.615-08,2022-11-22 15:56:46.615-08
30,128,5,pending,2022-11-22 15:56:46.615-08,2022-11-22 15:56:46.615-08
31,14,6,declined,2022-11-22 15:56:46.615-08,2022-11-22 15:56:46.615-08
32,38,6,accepted,2022-11-22 15:56:46.615-08,2022-11-22 15:56:46.615-08
33,27,6,declined,2022-11-22 15:56:46.615-08,2022-11-22 15:56:46.615-08
34,69,6,pending,2022-11-22 15:56:46.615-08,2022-11-22 15:56:46.615-08
35,105,6,declined,2022-11-22 15:56:46.615-08,2022-11-22 15:56:46.615-08
36,113,6,accepted,2022-11-22 15:56:46.615-08,2022-11-22 15:56:46.615-08
37,98,7,declined,2022-11-22 15:56:46.615-08,2022-11-22 15:56:46.615-08
38,114,7,pending,2022-11-22 15:56:46.615-08,2022-11-22 15:56:46.615-08
39,56,7,accepted,2022-11-22 15:56:46.615-08,2022-11-22 15:56:46.615-08
40,69,7,declined,2022-11-22 15:56:46.615-08,2022-11-22 15:56:46.615-08
41,77,7,pending,2022-11-22 15:56:46.615-08,2022-11-22 15:56:46.615-08
42,42,7,accepted,2022-11-22 15:56:46.615-08,2022-11-22 15:56:46.615-08
43,76,7,declined,2022-11-22 15:56:46.615-08,2022-11-22 15:56:46.615-08
44,38,7,accepted,2022-11-22 15:56:46.615-08,2022-11-22 15:56:46.615-08
45,128,7,pending,2022-11-22 15:56:46.615-08,2022-11-22 15:56:46.615-08
46,47,8,pending,2022-11-22 15:56:46.615-08,2022-11-22 15:56:46.615-08
47,10,8,declined,2022-11-22 15:56:46.615-08,2022-11-22 15:56:46.615-08
48,81,8,accepted,2022-11-22 15:56:46.615-08,2022-11-22 15:56:46.615-08
49,108,8,pending,2022-11-22 15:56:46.615-08,2022-11-22 15:56:46.615-08
50,56,8,pending,2022-11-22 15:56:46.615-08,2022-11-22 15:56:46.615-08
51,2,8,accepted,2022-11-22 15:56:46.615-08,2022-11-22 15:56:46.615-08
52,111,9,accepted,2022-11-22 15:56:46.615-08,2022-11-22 15:56:46.615-08
53,11,9,declined,2022-11-22 15:56:46.615-08,2022-11-22 15:56:46.615-08
54,57,9,declined,2022-11-22 15:56:46.615-08,2022-11-22 15:56:46.615-08
55,31,9,accepted,2022-11-22 15:56:46.615-08,2022-11-22 15:56:46.615-08
56,96,9,pending,2022-11-22 15:56:46.615-08,2022-11-22 15:56:46.615-08
57,44,9,declined,2022-11-22 15:56:46.615-08,2022-11-22 15:56:46.615-08
58,99,9,pending,2022-11-22 15:56:46.615-08,2022-11-22 15:56:46.615-08
59,17,9,pending,2022-11-22 15:56:46.615-08,2022-11-22 15:56:46.615-08
60,114,9,declined,2022-11-22 15:56:46.615-08,2022-11-22 15:56:46.615-08
61,127,9,accepted,2022-11-22 15:56:46.615-08,2022-11-22 15:56:46.615-08
62,19,10,declined,2022-11-22 15:56:46.615-08,2022-11-22 15:56:46.615-08
63,23,10,accepted,2022-11-22 15:56:46.615-08,2022-11-22 15:56:46.615-08
64,48,10,declined,2022-11-22 15:56:46.615-08,2022-11-22 15:56:46.615-08
65,117,10,accepted,2022-11-22 15:56:46.615-08,2022-11-22 15:56:46.615-08
66,109,10,pending,2022-11-22 15:56:46.615-08,2022-11-22 15:56:46.615-08
67,40,11,accepted,2022-11-22 15:56:46.615-08,2022-11-22 15:56:46.615-08
68,92,11,accepted,2022-11-22 15:56:46.615-08,2022-11-22 15:56:46.615-08
69,74,11,accepted,2022-11-22 15:56:46.615-08,2022-11-22 15:56:46.615-08
70,42,11,accepted,2022-11-22 15:56:46.615-08,2022-11-22 15:56:46.615-08
71,3,11,declined,2022-11-22 15:56:46.615-08,2022-11-22 15:56:46.615-08
72,19,11,declined,2022-11-22 15:56:46.615-08,2022-11-22 15:56:46.615-08
73,97,11,accepted,2022-11-22 15:56:46.615-08,2022-11-22 15:56:46.615-08
74,76,12,declined,2022-11-22 15:56:46.615-08,2022-11-22 15:56:46.615-08
75,16,12,pending,2022-11-22 15:56:46.615-08,2022-11-22 15:56:46.615-08
76,77,12,pending,2022-11-22 15:56:46.615-08,2022-11-22 15:56:46.615-08
77,58,12,pending,2022-11-22 15:56:46.615-08,2022-11-22 15:56:46.615-08
78,80,12,declined,2022-11-22 15:56:46.615-08,2022-11-22 15:56:46.615-08
79,29,13,declined,2022-11-22 15:56:46.615-08,2022-11-22 15:56:46.615-08
80,42,13,declined,2022-11-22 15:56:46.615-08,2022-11-22 15:56:46.615-08
81,130,13,pending,2022-11-22 15:56:46.615-08,2022-11-22 15:56:46.615-08
82,92,13,declined,2022-11-22 15:56:46.615-08,2022-11-22 15:56:46.615-08
83,14,13,declined,2022-11-22 15:56:46.615-08,2022-11-22 15:56:46.615-08
84,2,14,pending,2022-11-22 15:56:46.615-08,2022-11-22 15:56:46.615-08
85,6,14,accepted,2022-11-22 15:56:46.615-08,2022-11-22 15:56:46.615-08
86,29,14,declined,2022-11-22 15:56:46.615-08,2022-11-22 15:56:46.615-08
87,65,14,declined,2022-11-22 15:56:46.615-08,2022-11-22 15:56:46.615-08
88,42,14,pending,2022-11-22 15:56:46.615-08,2022-11-22 15:56:46.615-08
89,57,14,declined,2022-11-22 15:56:46.615-08,2022-11-22 15:56:46.615-08
90,121,14,pending,2022-11-22 15:56:46.615-08,2022-11-22 15:56:46.615-08
91,86,15,declined,2022-11-22 15:56:46.615-08,2022-11-22 15:56:46.615-08
92,88,15,accepted,2022-11-22 15:56:46.615-08,2022-11-22 15:56:46.615-08
93,117,15,accepted,2022-11-22 15:56:46.615-08,2022-11-22 15:56:46.615-08
94,80,15,declined,2022-11-22 15:56:46.615-08,2022-11-22 15:56:46.615-08
95,14,15,pending,2022-11-22 15:56:46.615-08,2022-11-22 15:56:46.615-08
96,56,16,accepted,2022-11-22 15:56:46.615-08,2022-11-22 15:56:46.615-08
97,78,16,declined,2022-11-22 15:56:46.615-08,2022-11-22 15:56:46.615-08
98,32,16,pending,2022-11-22 15:56:46.615-08,2022-11-22 15:56:46.615-08
99,126,16,pending,2022-11-22 15:56:46.615-08,2022-11-22 15:56:46.615-08
100,84,17,accepted,2022-11-22 15:56:46.615-08,2022-11-22 15:56:46.615-08
101,100,17,pending,2022-11-22 15:56:46.615-08,2022-11-22 15:56:46.615-08
102,39,17,pending,2022-11-22 15:56:46.615-08,2022-11-22 15:56:46.615-08
103,95,17,accepted,2022-11-22 15:56:46.615-08,2022-11-22 15:56:46.615-08
104,96,17,pending,2022-11-22 15:56:46.615-08,2022-11-22 15:56:46.615-08
105,3,17,pending,2022-11-22 15:56:46.615-08,2022-11-22 15:56:46.615-08
106,78,17,pending,2022-11-22 15:56:46.615-08,2022-11-22 15:56:46.615-08
107,77,17,pending,2022-11-22 15:56:46.615-08,2022-11-22 15:56:46.615-08
108,27,18,accepted,2022-11-22 15:56:46.615-08,2022-11-22 15:56:46.615-08
109,130,18,declined,2022-11-22 15:56:46.615-08,2022-11-22 15:56:46.615-08
110,10,18,accepted,2022-11-22 15:56:46.615-08,2022-11-22 15:56:46.615-08
111,1,18,pending,2022-11-22 15:56:46.615-08,2022-11-22 15:56:46.615-08
112,16,18,pending,2022-11-22 15:56:46.615-08,2022-11-22 15:56:46.615-08
113,96,19,accepted,2022-11-22 15:56:46.615-08,2022-11-22 15:56:46.615-08
114,118,19,pending,2022-11-22 15:56:46.615-08,2022-11-22 15:56:46.615-08
115,73,19,pending,2022-11-22 15:56:46.615-08,2022-11-22 15:56:46.615-08
116,55,19,accepted,2022-11-22 15:56:46.615-08,2022-11-22 15:56:46.615-08
117,134,19,accepted,2022-11-22 15:56:46.615-08,2022-11-22 15:56:46.615-08
118,98,20,pending,2022-11-22 15:56:46.615-08,2022-11-22 15:56:46.615-08
119,47,20,declined,2022-11-22 15:56:46.615-08,2022-11-22 15:56:46.615-08
120,61,20,pending,2022-11-22 15:56:46.615-08,2022-11-22 15:56:46.615-08
121,40,20,declined,2022-11-22 15:56:46.615-08,2022-11-22 15:56:46.615-08
122,3,21,declined,2022-11-22 15:56:46.615-08,2022-11-22 15:56:46.615-08
123,134,21,declined,2022-11-22 15:56:46.615-08,2022-11-22 15:56:46.615-08
124,45,21,accepted,2022-11-22 15:56:46.615-08,2022-11-22 15:56:46.615-08
125,94,21,accepted,2022-11-22 15:56:46.615-08,2022-11-22 15:56:46.615-08
126,117,21,pending,2022-11-22 15:56:46.615-08,2022-11-22 15:56:46.615-08
127,42,21,accepted,2022-11-22 15:56:46.615-08,2022-11-22 15:56:46.615-08
128,37,21,pending,2022-11-22 15:56:46.615-08,2022-11-22 15:56:46.615-08
129,79,21,accepted,2022-11-22 15:56:46.615-08,2022-11-22 15:56:46.615-08
130,61,21,pending,2022-11-22 15:56:46.615-08,2022-11-22 15:56:46.615-08
131,95,21,declined,2022-11-22 15:56:46.615-08,2022-11-22 15:56:46.615-08
132,82,21,accepted,2022-11-22 15:56:46.615-08,2022-11-22 15:56:46.615-08
133,49,21,accepted,2022-11-22 15:56:46.615-08,2022-11-22 15:56:46.615-08
134,56,22,accepted,2022-11-22 15:56:46.615-08,2022-11-22 15:56:46.615-08
135,20,22,accepted,2022-11-22 15:56:46.615-08,2022-11-22 15:56:46.615-08
136,60,22,declined,2022-11-22 15:56:46.615-08,2022-11-22 15:56:46.615-08
137,126,22,pending,2022-11-22 15:56:46.615-08,2022-11-22 15:56:46.615-08
138,57,22,pending,2022-11-22 15:56:46.615-08,2022-11-22 15:56:46.615-08
139,46,22,declined,2022-11-22 15:56:46.615-08,2022-11-22 15:56:46.615-08
140,5,22,declined,2022-11-22 15:56:46.615-08,2022-11-22 15:56:46.615-08
141,119,22,declined,2022-11-22 15:56:46.615-08,2022-11-22 15:56:46.615-08
142,11,22,pending,2022-11-22 15:56:46.615-08,2022-11-22 15:56:46.615-08
143,96,23,accepted,2022-11-22 15:56:46.615-08,2022-11-22 15:56:46.615-08
144,68,23,declined,2022-11-22 15:56:46.615-08,2022-11-22 15:56:46.615-08
145,37,23,accepted,2022-11-22 15:56:46.615-08,2022-11-22 15:56:46.615-08
146,65,23,declined,2022-11-22 15:56:46.615-08,2022-11-22 15:56:46.615-08
147,49,23,declined,2022-11-22 15:56:46.615-08,2022-11-22 15:56:46.615-08
148,30,23,pending,2022-11-22 15:56:46.615-08,2022-11-22 15:56:46.615-08
149,41,23,declined,2022-11-22 15:56:46.615-08,2022-11-22 15:56:46.615-08
150,21,24,accepted,2022-11-22 15:56:46.615-08,2022-11-22 15:56:46.615-08
151,93,24,pending,2022-11-22 15:56:46.615-08,2022-11-22 15:56:46.615-08
152,67,24,declined,2022-11-22 15:56:46.615-08,2022-11-22 15:56:46.615-08
153,79,24,accepted,2022-11-22 15:56:46.615-08,2022-11-22 15:56:46.615-08
154,65,24,declined,2022-11-22 15:56:46.615-08,2022-11-22 15:56:46.615-08
155,75,24,accepted,2022-11-22 15:56:46.615-08,2022-11-22 15:56:46.615-08
156,127,24,pending,2022-11-22 15:56:46.615-08,2022-11-22 15:56:46.615-08
157,50,25,pending,2022-11-22 15:56:46.615-08,2022-11-22 15:56:46.615-08
158,66,25,accepted,2022-11-22 15:56:46.615-08,2022-11-22 15:56:46.615-08
159,34,26,declined,2022-11-22 15:56:46.615-08,2022-11-22 15:56:46.615-08
160,40,26,declined,2022-11-22 15:56:46.615-08,2022-11-22 15:56:46.615-08
161,88,26,pending,2022-11-22 15:56:46.615-08,2022-11-22 15:56:46.615-08
162,8,26,declined,2022-11-22 15:56:46.615-08,2022-11-22 15:56:46.615-08
163,134,26,accepted,2022-11-22 15:56:46.615-08,2022-11-22 15:56:46.615-08
164,42,26,accepted,2022-11-22 15:56:46.615-08,2022-11-22 15:56:46.615-08
165,59,27,pending,2022-11-22 15:56:46.615-08,2022-11-22 15:56:46.615-08
166,111,27,declined,2022-11-22 15:56:46.615-08,2022-11-22 15:56:46.615-08
167,11,27,declined,2022-11-22 15:56:46.615-08,2022-11-22 15:56:46.615-08
168,55,27,accepted,2022-11-22 15:56:46.615-08,2022-11-22 15:56:46.615-08
169,135,28,accepted,2022-11-22 15:56:46.615-08,2022-11-22 15:56:46.615-08
170,99,28,declined,2022-11-22 15:56:46.615-08,2022-11-22 15:56:46.615-08
171,25,28,declined,2022-11-22 15:56:46.615-08,2022-11-22 15:56:46.615-08
172,41,28,accepted,2022-11-22 15:56:46.615-08,2022-11-22 15:56:46.615-08
173,20,28,declined,2022-11-22 15:56:46.615-08,2022-11-22 15:56:46.615-08
174,63,28,declined,2022-11-22 15:56:46.615-08,2022-11-22 15:56:46.615-08
175,80,28,accepted,2022-11-22 15:56:46.615-08,2022-11-22 15:56:46.615-08
176,100,28,accepted,2022-11-22 15:56:46.615-08,2022-11-22 15:56:46.615-08
177,41,29,accepted,2022-11-22 15:56:46.615-08,2022-11-22 15:56:46.615-08
178,95,29,accepted,2022-11-22 15:56:46.615-08,2022-11-22 15:56:46.615-08
179,96,29,pending,2022-11-22 15:56:46.615-08,2022-11-22 15:56:46.615-08
180,76,29,accepted,2022-11-22 15:56:46.615-08,2022-11-22 15:56:46.615-08
181,43,29,accepted,2022-11-22 15:56:46.615-08,2022-11-22 15:56:46.615-08
182,36,29,pending,2022-11-22 15:56:46.615-08,2022-11-22 15:56:46.615-08
183,109,30,declined,2022-11-22 15:56:46.615-08,2022-11-22 15:56:46.615-08
184,63,30,pending,2022-11-22 15:56:46.615-08,2022-11-22 15:56:46.615-08
185,24,30,declined,2022-11-22 15:56:46.615-08,2022-11-22 15:56:46.615-08
186,90,30,accepted,2022-11-22 15:56:46.615-08,2022-11-22 15:56:46.615-08
187,21,31,pending,2022-11-22 15:56:46.615-08,2022-11-22 15:56:46.615-08
188,84,31,pending,2022-11-22 15:56:46.615-08,2022-11-22 15:56:46.615-08
189,122,31,accepted,2022-11-22 15:56:46.615-08,2022-11-22 15:56:46.615-08
190,120,31,pending,2022-11-22 15:56:46.615-08,2022-11-22 15:56:46.615-08
191,17,31,accepted,2022-11-22 15:56:46.615-08,2022-11-22 15:56:46.615-08
192,63,31,accepted,2022-11-22 15:56:46.615-08,2022-11-22 15:56:46.615-08
193,42,31,pending,2022-11-22 15:56:46.615-08,2022-11-22 15:56:46.615-08
194,43,31,pending,2022-11-22 15:56:46.615-08,2022-11-22 15:56:46.615-08
195,31,32,pending,2022-11-22 15:56:46.615-08,2022-11-22 15:56:46.615-08
196,129,32,accepted,2022-11-22 15:56:46.615-08,2022-11-22 15:56:46.615-08
197,15,32,declined,2022-11-22 15:56:46.615-08,2022-11-22 15:56:46.615-08
198,49,32,declined,2022-11-22 15:56:46.615-08,2022-11-22 15:56:46.615-08
199,39,32,pending,2022-11-22 15:56:46.615-08,2022-11-22 15:56:46.615-08
200,22,32,pending,2022-11-22 15:56:46.615-08,2022-11-22 15:56:46.615-08
201,103,33,declined,2022-11-22 15:56:46.615-08,2022-11-22 15:56:46.615-08
202,21,33,accepted,2022-11-22 15:56:46.615-08,2022-11-22 15:56:46.615-08
203,74,33,accepted,2022-11-22 15:56:46.615-08,2022-11-22 15:56:46.615-08
204,23,33,accepted,2022-11-22 15:56:46.615-08,2022-11-22 15:56:46.615-08
205,78,33,accepted,2022-11-22 15:56:46.615-08,2022-11-22 15:56:46.615-08
206,96,34,declined,2022-11-22 15:56:46.615-08,2022-11-22 15:56:46.615-08
207,15,34,pending,2022-11-22 15:56:46.615-08,2022-11-22 15:56:46.615-08
208,52,34,pending,2022-11-22 15:56:46.615-08,2022-11-22 15:56:46.615-08
209,74,34,pending,2022-11-22 15:56:46.615-08,2022-11-22 15:56:46.615-08
210,37,34,declined,2022-11-22 15:56:46.615-08,2022-11-22 15:56:46.615-08
211,28,34,declined,2022-11-22 15:56:46.615-08,2022-11-22 15:56:46.615-08