id,sender_id,recipient_id,status,createdAt,updatedAt
1,1,59,declined,2022-11-22 15:56:46.615-08,2022-11-22 15:56:46.615-08
2,1,51,accepted,2022-11-22 15:56:46.615-08,2022-11-22 15:56:46.615-08
3,1,95,declined,2022-11-22 15:56:46.615-08,2022-11-22 15:56:46.615-08
4,1,105,accepted,2022-11-22 15:56:46.615-08,2022-11-22 15:56:46.615-08
5,1,77,accepted,2022-11-22 15:56:46.615-08,2022-11-22 15:56:46.615-08
6,1,47,declined,2022-11-22 15:56:46.615-08,2022-11-22 15:56:46.615-08
7,1,89,declined,2022-11-22 15:56:46.615-08,2022-11-22 15:56:46.615-08
8,1,34,pending,2022-11-22 15:56:46.615-08,2022-11-22 15:56:46.615-08
9,1,7,accepted,2022-11-22 15:56:46.615-08,2022-11-22 15:56:46.615-08
10,1,6,pending,2022-11-22 15:56:46.615-08,2022-11-22 15:56:46.615-08
11,1,116,accepted,2022-11-22 15:56:46.615-08,2022-11-22 15:56:46.615-08
12,2,4,pending,2022-11-22 15:56:46.615-08,2022-11-22 15:56:46.615-08
13,2,112,pending,2022-11-22 15:56:46.615-08,2022-11-22 15:56:46.615-08
14,2,128,declined,2022-11-22 15:56:46.615-08,2022-11-22 15:56:46.615-08
15,2,77,pending,2022-11-22 15:56:46.615-08,2022-11-22 15:56:46.615-08
16,2,23,declined,2022-11-22 15:56:46.615-08,2022-11-22 15:56:46.615-08
17,2,131,accepted,2022-11-22 15:56:46.615-08,2022-11-22 15:56:46.615-08
18,2,26,pending,2022-11-22 15:56:46.615-08,2022-11-22 15:56:46.615-08
19,2,118,declined,2022-11-22 15:56:46.615-08,2022-11-22 15:56:46.615-08
20,2,113,accepted,2022-11-22 15:56:46.615-08,2022-11-22 15:56:46.615-08
21,3,134,declined,2022-11-22 15:56:46.615-08,2022-11-22 15:56:46.615-08
22,3,20,pending,2022-11-22 15:56:46.615-08,2022-11-22 15:56:46.615-08
23,3,14,accepted,2022-11-22 15:56:46.615-08,2022-11-22 15:56:46.615-08
24,3,86,declined,2022-11-22 15:56:46.615-08,2022-11-22 15:56:46.615-08
25,3,62,accepted,2022-11-22 15:56:46.615-08,2022-11-22 15:56:46.615-08
26,3,91,pending,2022-11-22 15:56:46.615-08,2022-11-22 15:56:46.615-08
27,4,107,declined,2022-11-22 15:56:46.615-08,2022-11-22 15:56:46.615-08
28,4,105,pending,2022-11-22 15:56:46.615-08,2022-11-22 15:56:46.615-08
29,4,92,declined,2022-11-22 15:56:46.615-08,2022-11-22 15:56:46.615-08
30,4,130,accepted,2022-11-22 15:56:46.615-08,2022-11-22 15:56:46.615-08
31,4,119,pending,2022-11-22 15:56:46.615-08,2022-11-22 15:56:46.615-08
32,4,117,accepted,2022-11-22 15:56:46.615-08,2022-11-22 15:56:46.615-08
33,5,35,declined,2022-11-22 15:56:46.615-08,2022-11-22 15:56:46.615-08
34,5,77,accepted,2022-11-22 15:56:46.615-08,2022-11-22 15:56:46.615-08
35,5,112,declined,2022-11-22 15:56:46.615-08,2022-11-22 15:56:46.615-08
36,5,54,declined,2022-11-22 15:56:46.615-08,2022-11-22 15:56:46.615-08
37,5,91,declined,2022-11-22 15:56:46.615-08,2022-11-22 15:56:46.615-08
38,5,87,accepted,2022-11-22 15:56:46.615-08,2022-11-22 15:56:46.615-08
39,5,100,accepted,2022-11-22 15:56:46.615-08,2022-11-22 15:56:46.615-08
40,5,93,pending,2022-11-22 15:56:46.615-08,2022-11-22 15:56:46.615-08
41,5,129,declined,2022-11-22 15:56:46.615-08,2022-11-22 15:56:46.615-08
42,5,48,accepted,2022-11-22 15:56:46.615-08,2022-11-22 15:56:46.615-08
43,6,32,pending,2022-11-22 15:56:46.615-08,2022-11-22 15:56:46.615-08
44,6,91,pending,2022-11-22 15:56:46.615-08,2022-11-22 15:56:46.615-08
45,6,128,accepted,2022-11-22 15:56:46.615-08,2022-11-22 15:56:46.615-08
46,6,131,pending,2022-11-22 15:56:46.615-08,2022-11-22 15:56:46.615-08
47,6,85,accepted,2022-11-22 15:56:46.615-08,2022-11-22 15:56:46.615-08
48,6,95,declined,2022-11-22 15:56:46.615-08,2022-11-22 15:56:46.615-08
49,6,83,declined,2022-11-22 15:56:46.615-08,2022-11-22 15:56:46.615-08
50,6,43,declined,2022-11-22 15:56:46.615-08,2022-11-22 15:56:46.615-08
51,6,11,pending,2022-11-22 15:56:46.615-08,2022-11-22 15:56:46.615-08
52,6,120,declined,2022-11-22 15:56:46.615-08,2022-11-22 15:56:46.615-08
53,6,64,accepted,2022-11-22 15:56:46.615-08,2022-11-22 15:56:46.615-08
54,7,62,pending,2022-11-22 15:56:46.615-08,2022-11-22 15:56:46.615-08
55,7,36,accepted,2022-11-22 15:56:46.615-08,2022-11-22 15:56:46.615-08
56,7,57,declined,2022-11-22 15:56:46.615-08,2022-11-22 15:56:46.615-08
57,7,58,declined,2022-11-22 15:56:46.615-08,2022-11-22 15:56:46.615-08
58,7,19,accepted,2022-11-22 15:56:46.615-08,2022-11-22 15:56:46.615-08
59,7,54,pending,2022-11-22 15:56:46.615-08,2022-11-22 15:56:46.615-08
60,7,76,pending,2022-11-22 15:56:46.615-08,2022-11-22 15:56:46.615-08
61,7,35,accepted,2022-11-22 15:56:46.615-08,2022-11-22 15:56:46.615-08
62,8,12,declined,2022-11-22 15:56:46.615-08,2022-11-22 15:56:46.615-08
63,8,55,declined,2022-11-22 15:56:46.615-08,2022-11-22 15:56:46.615-08
64,8,32,pending,2022-11-22 15:56:46.615-08,2022-11-22 15:56:46.615-08
65,8,123,declined,2022-11-22 15:56:46.615-08,2022-11-22 15:56:46.615-08
66,8,57,accepted,2022-11-22 15:56:46.615-08,2022-11-22 15:56:46.615-08
67,8,93,accepted,2022-11-22 15:56:46.615-08,2022-11-22 15:56:46.615-08
68,8,124,pending,2022-11-22 15:56:46.615-08,2022-11-22 15:56:46.615-08
69,8,44,accepted,2022-11-22 15:56:46.615-08,2022-11-22 15:56:46.615-08
70,9,120,pending,2022-11-22 15:56:46.615-08,2022-11-22 15:56:46.615-08
71,9,76,declined,2022-11-22 15:56:46.615-08,2022-11-22 15:56:46.615-08
72,9,104,accepted,2022-11-22 15:56:46.615-08,2022-11-22 15:56:46.615-08
73,9,119,pending,2022-11-22 15:56:46.615-08,2022-11-22 15:56:46.615-08
74,9,19,declined,2022-11-22 15:56:46.615-08,2022-11-22 15:56:46.615-08
75,9,32,pending,2022-11-22 15:56:46.615-08,2022-11-22 15:56:46.615-08
76,9,125,accepted,2022-11-22 15:56:46.615-08,2022-11-22 15:56:46.615-08
77,9,108,accepted,2022-11-22 15:56:46.615-08,2022-11-22 15:56:46.615-08
78,9,115,accepted,2022-11-22 15:56:46.615-08,2022-11-22 15:56:46.615-08
79,9,111,pending,2022-11-22 15:56:46.615-08,2022-11-22 15:56:46.615-08
80,10,47,accepted,2022-11-22 15:56:46.615-08,2022-11-22 15:56:46.615-08
81,10,62,declined,2022-11-22 15:56:46.615-08,2022-11-22 15:56:46.615-08
82,10,114,pending,2022-11-22 15:56:46.615-08,2022-11-22 15:56:46.615-08
83,10,129,pending,2022-11-22 15:56:46.615-08,2022-11-22 15:56:46.615-08
84,10,78,pending,2022-11-22 15:56:46.615-08,2022-11-22 15:56:46.615-08
85,10,95,pending,2022-11-22 15:56:46.615-08,2022-11-22 15:56:46.615-08
86,10,103,declined,2022-11-22 15:56:46.615-08,2022-11-22 15:56:46.615-08
87,10,54,declined,2022-11-22 15:56:46.615-08,2022-11-22 15:56:46.615-08
88,10,77,accepted,2022-11-22 15:56:46.615-08,2022-11-22 15:56:46.615-08
89,10,101,accepted,2022-11-22 15:56:46.615-08,2022-11-22 15:56:46.615-08
90,11,44,pending,2022-11-22 15:56:46.615-08,2022-11-22 15:56:46.615-08
91,11,102,pending,2022-11-22 15:56:46.615-08,2022-11-22 15:56:46.615-08
92,11,109,pending,2022-11-22 15:56:46.615-08,2022-11-22 15:56:46.615-08
93,11,45,declined,2022-11-22 15:56:46.615-08,2022-11-22 15:56:46.615-08
94,11,108,declined,2022-11-22 15:56:46.615-08,2022-11-22 15:56:46.615-08
95,11,112,declined,2022-11-22 15:56:46.615-08,2022-11-22 15:56:46.615-08
96,11,77,accepted,2022-11-22 15:56:46.615-08,2022-11-22 15:56:46.615-08
97,11,71,declined,2022-11-22 15:56:46.615-08,2022-11-22 15:56:46.615-08
98,11,66,declined,2022-11-22 15:56:46.615-08,2022-11-22 15:56:46.615-08
99,11,92,pending,2022-11-22 15:56:46.615-08,2022-11-22 15:56:46.615-08
100,12,128,declined,2022-11-22 15:56:46.615-08,2022-11-22 15:56:46.615-08
101,12,17,declined,2022-11-22 15:56:46.615-08,2022-11-22 15:56:46.615-08
102,12,107,accepted,2022-11-22 15:56:46.615-08,2022-11-22 15:56:46.615-08
103,12,108,declined,2022-11-22 15:56:46.615-08,2022-11-22 15:56:46.615-08
104,12,120,declined,2022-11-22 15:56:46.615-08,2022-11-22 15:56:46.615-08
105,12,60,declined,2022-11-22 15:56:46.615-08,2022-11-22 15:56:46.615-08
106,12,47,declined,2022-11-22 15:56:46.615-08,2022-11-22 15:56:46.615-08
107,12,46,accepted,2022-11-22 15:56:46.615-08,2022-11-22 15:56:46.615-08
108,12,134,accepted,2022-11-22 15:56:46.615-08,2022-11-22 15:56:46.615-08
109,13,131,pending,2022-11-22 15:56:46.615-08,2022-11-22 15:56:46.615-08
110,13,23,accepted,2022-11-22 15:56:46.615-08,2022-11-22 15:56:46.615-08
111,13,54,accepted,2022-11-22 15:56:46.615-08,2022-11-22 15:56:46.615-08
112,13,128,accepted,2022-11-22 15:56:46.615-08,2022-11-22 15:56:46.615-08
113,13,88,pending,2022-11-22 15:56:46.615-08,2022-11-22 15:56:46.615-08
114,13,84,pending,2022-11-22 15:56:46.615-08,2022-11-22 15:56:46.615-08
115,13,67,accepted,2022-11-22 15:56:46.615-08,2022-11-22 15:56:46.615-08
116,13,71,accepted,2022-11-22 15:56:46.615-08,2022-11-22 15:56:46.615-08
117,13,111,pending,2022-11-22 15:56:46.615-08,2022-11-22 15:56:46.615-08
118,13,17,declined,2022-11-22 15:56:46.615-08,2022-11-22 15:56:46.615-08
119,13,64,accepted,2022-11-22 15:56:46.615-08,2022-11-22 15:56:46.615-08
120,14,40,accepted,2022-11-22 15:56:46.615-08,2022-11-22 15:56:46.615-08
121,14,18,accepted,2022-11-22 15:56:46.615-08,2022-11-22 15:56:46.615-08
122,14,91,pending,2022-11-22 15:56:46.615-08,2022-11-22 15:56:46.615-08
123,14,121,pending,2022-11-22 15:56:46.615-08,2022-11-22 15:56:46.615-08
124,14,128,pending,2022-11-22 15:56:46.615-08,2022-11-22 15:56:46.615-08
125,14,96,accepted,2022-11-22 15:56:46.615-08,2022-11-22 15:56:46.615-08
126,14,56,pending,2022-11-22 15:56:46.615-08,2022-11-22 15:56:46.615-08
127,14,42,pending,2022-11-22 15:56:46.615-08,2022-11-22 15:56:46.615-08
128,14,108,pending,2022-11-22 15:56:46.615-08,2022-11-22 15:56:46.615-08
129,15,79,pending,2022-11-22 15:56:46.615-08,2022-11-22 15:56:46.615-08
130,15,49,declined,2022-11-22 15:56:46.615-08,2022-11-22 15:56:46.615-08
131,15,21,declined,2022-11-22 15:56:46.615-08,2022-11-22 15:56:46.615-08
132,15,109,declined,2022-11-22 15:56:46.615-08,2022-11-22 15:56:46.615-08
133,15,114,accepted,2022-11-22 15:56:46.615-08,2022-11-22 15:56:46.615-08
134,15,69,declined,2022-11-22 15:56:46.615-08,2022-11-22 15:56:46.615-08
135,15,98,accepted,2022-11-22 15:56:46.615-08,2022-11-22 15:56:46.615-08
136,15,41,declined,2022-11-22 15:56:46.615-08,2022-11-22 15:56:46.615-08
137,15,91,declined,2022-11-22 15:56:46.615-08,2022-11-22 15:56:46.615-08
138,15,53,pending,2022-11-22 15:56:46.615-08,2022-11-22 15:56:46.615-08
139,15,122,accepted,2022-11-22 15:56:46.615-08,2022-11-22 15:56:46.615-08
140,16,30,accepted,2022-11-22 15:56:46.615-08,2022-11-22 15:56:46.615-08
141,16,80,declined,2022-11-22 15:56:46.615-08,2022-11-22 15:56:46.615-08
142,16,123,accepted,2022-11-22 15:56:46.615-08,2022-11-22 15:56:46.615-08
143,16,74,accepted,2022-11-22 15:56:46.615-08,2022-11-22 15:56:46.615-08
144,16,57,declined,2022-11-22 15:56:46.615-08,2022-11-22 15:56:46.615-08
145,16,24,pending,2022-11-22 15:56:46.615-08,2022-11-22 15:56:46.615-08
146,16,67,pending,2022-11-22 15:56:46.615-08,2022-11-22 15:56:46.615-08
147,17,18,declined,2022-11-22 15:56:46.615-08,2022-11-22 15:56:46.615-08
148,17,79,accepted,2022-11-22 15:56:46.615-08,2022-11-22 15:56:46.615-08
149,17,96,declined,2022-11-22 15:56:46.615-08,2022-11-22 15:56:46.615-08
150,17,47,pending,2022-11-22 15:56:46.615-08,2022-11-22 15:56:46.615-08
151,17,52,pending,2022-11-22 15:56:46.615-08,2022-11-22 15:56:46.615-08
152,17,49,pending,2022-11-22 15:56:46.615-08,2022-11-22 15:56:46.615-08
153,17,97,accepted,2022-11-22 15:56:46.615-08,2022-11-22 15:56:46.615-08
154,17,24,accepted,2022-11-22 15:56:46.615-08,2022-11-22 15:56:46.615-08
155,17,35,pending,2022-11-22 15:56:46.615-08,2022-11-22 15:56:46.615-08
156,17,83,accepted,2022-11-22 15:56:46.615-08,2022-11-22 15:56:46.615-08
157,17,118,accepted,2022-11-22 15:56:46.615-08,2022-11-22 15:56:46.615-08
158,17,89,pending,2022-11-22 15:56:46.615-08,2022-11-22 15:56:46.615-08
159,17,68,accepted,2022-11-22 15:56:46.615-08,2022-11-22 15:56:46.615-08
160,18,48,declined,2022-11-22 15:56:46.615-08,2022-11-22 15:56:46.615-08
161,18,119,declined,2022-11-22 15:56:46.615-08,2022-11-22 15:56:46.615-08
162,18,28,pending,2022-11-22 15:56:46.615-08,2022-11-22 15:56:46.615-08
163,18,50,pending,2022-11-22 15:56:46.615-08,2022-11-22 15:56:46.615-08
164,18,126,accepted,2022-11-22 15:56:46.615-08,2022-11-22 15:56:46.615-08
165,18,47,pending,2022-11-22 15:56:46.615-08,2022-11-22 15:56:46.615-08
166,18,70,pending,2022-11-22 15:56:46.615-08,2022-11-22 15:56:46.615-08
167,18,45,declined,2022-11-22 15:56:46.615-08,2022-11-22 15:56:46.615-08
168,18,116,pending,2022-11-22 15:56:46.615-08,2022-11-22 15:56:46.615-08
169,18,53,pending,2022-11-22 15:56:46.615-08,2022-11-22 15:56:46.615-08
170,19,102,pending,2022-11-22 15:56:46.615-08,2022-11-22 15:56:46.615-08
171,19,60,declined,2022-11-22 15:56:46.615-08,2022-11-22 15:56:46.615-08
172,19,41,pending,2022-11-22 15:56:46.615-08,2022-11-22 15:56:46.615-08
173,19,125,pending,2022-11-22 15:56:46.615-08,2022-11-22 15:56:46.615-08
174,19,38,declined,2022-11-22 15:56:46.615-08,2022-11-22 15:56:46.615-08
175,19,48,declined,2022-11-22 15:56:46.615-08,2022-11-22 15:56:46.615-08
176,19,81,declined,2022-11-22 15:56:46.615-08,2022-11-22 15:56:46.615-08
177,20,49,pending,2022-11-22 15:56:46.615-08,2022-11-22 15:56:46.615-08
178,20,48,accepted,2022-11-22 15:56:46.615-08,2022-11-22 15:56:46.615-08
179,20,66,accepted,2022-11-22 15:56:46.615-08,2022-11-22 15:56:46.615-08
180,20,128,accepted,2022-11-22 15:56:46.615-08,2022-11-22 15:56:46.615-08
181,20,75,accepted,2022-11-22 15:56:46.615-08,2022-11-22 15:56:46.615-08
182,20,101,pending,2022-11-22 15:56:46.615-08,2022-11-22 15:56:46.615-08
183,20,90,declined,2022-11-22 15:56:46.615-08,2022-11-22 15:56:46.615-08
184,20,69,accepted,2022-11-22 15:56:46.615-08,2022-11-22 15:56:46.615-08
185,21,52,declined,2022-11-22 15:56:46.615-08,2022-11-22 15:56:46.615-08
186,21,113,pending,2022-11-22 15:56:46.615-08,2022-11-22 15:56:46.615-08
187,21,98,declined,2022-11-22 15:56:46.615-08,2022-11-22 15:56:46.615-08
188,21,46,declined,2022-11-22 15:56:46.615-08,2022-11-22 15:56:46.615-08
189,21,95,declined,2022-11-22 15:56:46.615-08,2022-11-22 15:56:46.615-08
190,21,110,declined,2022-11-22 15:56:46.615-08,2022-11-22 15:56:46.615-08
191,21,51,accepted,2022-11-22 15:56:46.615-08,2022-11-22 15:56:46.615-08
192,21,34,declined,2022-11-22 15:56:46.615-08,2022-11-22 15:56:46.615-08
193,21,61,accepted,2022-11-22 15:56:46.615-08,2022-11-22 15:56:46.615-08
194,21,67,pending,2022-11-22 15:56:46.615-08,2022-11-22 15:56:46.615-08
195,22,40,pending,2022-11-22 15:56:46.615-08,2022-11-22 15:56:46.615-08
196,22,59,declined,2022-11-22 15:56:46.615-08,2022-11-22 15:56:46.615-08
197,22,71,pending,2022-11-22 15:56:46.615-08,2022-11-22 15:56:46.615-08
198,22,109,accepted,2022-11-22 15:56:46.615-08,2022-11-22 15:56:46.615-08
199,22,115,accepted,2022-11-22 15:56:46.615-08,2022-11-22 15:56:46.615-08
200,22,89,declined,2022-11-22 15:56:46.615-08,2022-11-22 15:56:46.615-08
201,22,51,accepted,2022-11-22 15:56:46.615-08,2022-11-22 15:56:46.615-08
202,22,49,accepted,2022-11-22 15:56:46.615-08,2022-11-22 15:56:46.615-08
203,22,35,accepted,2022-11-22 15:56:46.615-08,2022-11-22 15:56:46.615-08
204,22,107,declined,2022-11-22 15:56:46.615-08,2022-11-22 15:56:46.615-08
205,22,53,accepted,2022-11-22 15:56:46.615-08,2022-11-22 15:56:46.615-08
206,22,70,declined,2022-11-22 15:56:46.615-08,2022-11-22 15:56:46.615-08
207,23,66,pending,2022-11-22 15:56:46.615-08,2022-11-22 15:56:46.615-08
208,23,51,declined,2022-11-22 15:56:46.615-08,2022-11-22 15:56:46.615-08
209,23,33,declined,2022-11-22 15:56:46.615-08,2022-11-22 15:56:46.615-08
210,23,34,declined,2022-11-22 15:56:46.615-08,2022-11-22 15:56:46.615-08
211,23,106,accepted,2022-11-22 15:56:46.615-08,2022-11-22 15:56:46.615-08
212,23,107,accepted,2022-11-22 15:56:46.615-08,2022-11-22 15:56:46.615-08
213,23,117,accepted,2022-11-22 15:56:46.615-08,2022-11-22 15:56:46.615-08
214,23,126,accepted,2022-11-22 15:56:46.615-08,2022-11-22 15:56:46.615-08
215,23,127,declined,2022-11-22 15:56:46.615-08,2022-11-22 15:56:46.615-08
216,24,75,declined,2022-11-22 15:56:46.615-08,2022-11-22 15:56:46.615-08
217,24,103,pending,2022-11-22 15:56:46.615-08,2022-11-22 15:56:46.615-08
218,24,89,declined,2022-11-22 15:56:46.615-08,2022-11-22 15:56:46.615-08
219,24,29,accepted,2022-11-22 15:56:46.615-08,2022-11-22 15:56:46.615-08
220,24,26,pending,2022-11-22 15:56:46.615-08,2022-11-22 15:56:46.615-08
221,24,50,pending,2022-11-22 15:56:46.615-08,2022-11-22 15:56:46.615-08
222,25,71,pending,2022-11-22 15:56:46.615-08,2022-11-22 15:56:46.615-08
223,25,68,accepted,2022-11-22 15:56:46.615-08,2022-11-22 15:56:46.615-08
224,25,48,accepted,2022-11-22 15:56:46.615-08,2022-11-22 15:56:46.615-08
225,25,62,declined,2022-11-22 15:56:46.615-08,2022-11-22 15:56:46.615-08
226,25,32,declined,2022-11-22 15:56:46.615-08,2022-11-22 15:56:46.615-08
227,25,67,pending,2022-11-22 15:56:46.615-08,2022-11-22 15:56:46.615-08
228,26,110,declined,2022-11-22 15:56:46.615-08,2022-11-22 15:56:46.615-08
229,26,71,pending,2022-11-22 15:56:46.615-08,2022-11-22 15:56:46.615-08
230,26,119,pending,2022-11-22 15:56:46.615-08,2022-11-22 15:56:46.615-08
231,26,99,pending,2022-11-22 15:56:46.615-08,2022-11-22 15:56:46.615-08
232,26,87,pending,2022-11-22 15:56:46.615-08,2022-11-22 15:56:46.615-08
233,27,73,declined,2022-11-22 15:56:46.615-08,2022-11-22 15:56:46.615-08
234,27,50,pending,2022-11-22 15:56:46.615-08,2022-11-22 15:56:46.615-08
235,27,57,pending,2022-11-22 15:56:46.615-08,2022-11-22 15:56:46.615-08
236,27,95,pending,2022-11-22 15:56:46.615-08,2022-11-22 15:56:46.615-08
237,27,91,pending,2022-11-22 15:56:46.615-08,2022-11-22 15:56:46.615-08
238,27,84,pending,2022-11-22 15:56:46.615-08,2022-11-22 15:56:46.615-08
239,27,129,accepted,2022-11-22 15:56:46.615-08,2022-11-22 15:56:46.615-08
240,27,97,pending,2022-11-22 15:56:46.615-08,2022-11-22 15:56:46.615-08
241,27,116,accepted,2022-11-22 15:56:46.615-08,2022-11-22 15:56:46.615-08
242,27,106,accepted,2022-11-22 15:56:46.615-08,2022-11-22 15:56:46.615-08
243,27,107,accepted,2022-11-22 15:56:46.615-08,2022-11-22 15:56:46.615-08
244,27,117,pending,2022-11-22 15:56:46.615-08,2022-11-22 15:56:46.615-08
245,28,100,declined,2022-11-22 15:56:46.615-08,2022-11-22 15:56:46.615-08
246,28,42,declined,2022-11-22 15:56:46.615-08,2022-11-22 15:56:46.615-08
247,28,49,pending,2022-11-22 15:56:46.615-08,2022-11-22 15:56:46.615-08
248,28,36,declined,2022-11-22 15:56:46.615-08,2022-11-22 15:56:46.615-08
249,28,128,declined,2022-11-22 15:56:46.615-08,2022-11-22 15:56:46.615-08
250,28,38,accepted,2022-11-22 15:56:46.615-08,2022-11-22 15:56:46.615-08
251,28,131,accepted,2022-11-22 15:56:46.615-08,2022-11-22 15:56:46.615-08
252,28,96,declined,2022-11-22 15:56:46.615-08,2022-11-22 15:56:46.615-08
253,28,41,declined,2022-11-22 15:56:46.615-08,2022-11-22 15:56:46.615-08
254,28,48,pending,2022-11-22 15:56:46.615-08,2022-11-22 15:56:46.615-08
255,28,58,declined,2022-11-22 15:56:46.615-08,2022-11-22 15:56:46.615-08
256,29,103,declined,2022-11-22 15:56:46.615-08,2022-11-22 15:56:46.615-08
257,29,111,accepted,2022-11-22 15:56:46.615-08,2022-11-22 15:56:46.615-08
258,29,84,accepted,2022-11-22 15:56:46.615-08,2022-11-22 15:56:46.615-08
259,29,35,pending,2022-11-22 15:56:46.615-08,2022-11-22 15:56:46.615-08
260,29,118,declined,2022-11-22 15:56:46.615-08,2022-11-22 15:56:46.615-08
261,30,94,pending,2022-11-22 15:56:46.615-08,2022-11-22 15:56:46.615-08
262,30,72,pending,2022-11-22 15:56:46.615-08,2022-11-22 15:56:46.615-08
263,30,68,declined,2022-11-22 15:56:46.615-08,2022-11-22 15:56:46.615-08
264,30,45,pending,2022-11-22 15:56:46.615-08,2022-11-22 15:56:46.615-08
265,30,66,accepted,2022-11-22 15:56:46.615-08,2022-11-22 15:56:46.615-08
266,30,80,accepted,2022-11-22 15:56:46.615-08,2022-11-22 15:56:46.615-08
267,30,46,accepted,2022-11-22 15:56:46.615-08,2022-11-22 15:56:46.615-08
268,30,101,declined,2022-11-22 15:56:46.615-08,2022-11-22 15:56:46.615-08
269,30,69,pending,2022-11-22 15:56:46.615-08,2022-11-22 15:56:46.615-08
270,31,48,declined,2022-11-22 15:56:46.615-08,2022-11-22 15:56:46.615-08
271,31,88,declined,2022-11-22 15:56:46.615-08,2022-11-22 15:56:46.615-08
272,31,41,declined,2022-11-22 15:56:46.615-08,2022-11-22 15:56:46.615-08
273,31,49,declined,2022-11-22 15:56:46.615-08,2022-11-22 15:56:46.615-08
274,31,87,pending,2022-11-22 15:56:46.615-08,2022-11-22 15:56:46.615-08
275,31,69,pending,2022-11-22 15:56:46.615-08,2022-11-22 15:56:46.615-08
276,31,39,declined,2022-11-22 15:56:46.615-08,2022-11-22 15:56:46.615-08
277,31,67,pending,2022-11-22 15:56:46.615-08,2022-11-22 15:56:46.615-08
278,31,81,pending,2022-11-22 15:56:46.615-08,2022-11-22 15:56:46.615-08
279,32,124,accepted,2022-11-22 15:56:46.615-08,2022-11-22 15:56:46.615-08
280,32,129,pending,2022-11-22 15:56:46.615-08,2022-11-22 15:56:46.615-08
281,32,105,accepted,2022-11-22 15:56:46.615-08,2022-11-22 15:56:46.615-08
282,32,53,declined,2022-11-22 15:56:46.615-08,2022-11-22 15:56:46.615-08
283,32,114,accepted,2022-11-22 15:56:46.615-08,2022-11-22 15:56:46.615-08
284,32,77,accepted,2022-11-22 15:56:46.615-08,2022-11-22 15:56:46.615-08
285,32,100,declined,2022-11-22 15:56:46.615-08,2022-11-22 15:56:46.615-08
286,32,42,declined,2022-11-22 15:56:46.615-08,2022-11-22 15:56:46.615-08
287,32,130,accepted,2022-11-22 15:56:46.615-08,2022-11-22 15:56:46.615-08
288,33,63,pending,2022-11-22 15:56:46.615-08,2022-11-22 15:56:46.615-08
289,33,87,declined,2022-11-22 15:56:46.615-08,2022-11-22 15:56:46.615-08
290,33,45,pending,2022-11-22 15:56:46.615-08,2022-11-22 15:56:46.615-08
291,33,47,accepted,2022-11-22 15:56:46.615-08,2022-11-22 15:56:46.615-08
292,33,112,pending,2022-11-22 15:56:46.615-08,2022-11-22 15:56:46.615-08
293,33,82,accepted,2022-11-22 15:56:46.615-08,2022-11-22 15:56:46.615-08
294,34,102,accepted,2022-11-22 15:56:46.615-08,2022-11-22 15:56:46.615-08
295,34,77,pending,2022-11-22 15:56:46.615-08,2022-11-22 15:56:46.615-08
296,34,39,pending,2022-11-22 15:56:46.615-08,2022-11-22 15:56:46.615-08
297,34,88,declined,2022-11-22 15:56:46.615-08,2022-11-22 15:56:46.615-08
298,34,95,declined,2022-11-22 15:56:46.615-08,2022-11-22 15:56:46.615-08
299,34,61,pending,2022-11-22 15:56:46.615-08,2022-11-22 15:56:46.615-08
300,34,73,pending,2022-11-22 15:56:46.615-08,2022-11-22 15:56:46.615-08
301,34,89,accepted,2022-11-22 15:56:46.615-08,2022-11-22 15:56:46.615-08
302,35,45,declined,2022-11-22 15:56:46.615-08,2022-11-22 15:56:46.615-08
303,35,111,pending,2022-11-22 15:56:46.615-08,2022-11-22 15:56:46.615-08
304,35,110,pending,2022-11-22 15:56:46.615-08,2022-11-22 15:56:46.615-08
305,35,123,accepted,2022-11-22 15:56:46.615-08,2022-11-22 15:56:46.615-08
306,35,89,accepted,2022-11-22 15:56:46.615-08,2022-11-22 15:56:46.615-08
307,35,80,pending,2022-11-22 15:56:46.615-08,2022-11-22 15:56:46.615-08
308,35,121,pending,2022-11-22 15:56:46.615-08,2022-11-22 15:56:46.615-08
309,36,89,accepted,2022-11-22 15:56:46.615-08,2022-11-22 15:56:46.615-08
310,36,112,accepted,2022-11-22 15:56:46.615-08,2022-11-22 15:56:46.615-08
311,36,96,declined,2022-11-22 15:56:46.615-08,2022-11-22 15:56:46.615-08
312,36,49,accepted,2022-11-22 15:56:46.615-08,2022-11-22 15:56:46.615-08
313,36,87,declined,2022-11-22 15:56:46.615-08,2022-11-22 15:56:46.615-08
314,36,92,declined,2022-11-22 15:56:46.615-08,2022-11-22 15:56:46.615-08
315,36,119,declined,2022-11-22 15:56:46.615-08,2022-11-22 15:56:46.615-08
316,37,123,pending,2022-11-22 15:56:46.615-08,2022-11-22 15:56:46.615-08
317,37,115,declined,2022-11-22 15:56:46.615-08,2022-11-22 15:56:46.615-08
318,37,86,accepted,2022-11-22 15:56:46.615-08,2022-11-22 15:56:46.615-08
319,37,120,accepted,2022-11-22 15:56:46.615-08,2022-11-22 15:56:46.615-08
320,37,63,accepted,2022-11-22 15:56:46.615-08,2022-11-22 15:56:46.615-08
321,38,76,declined,2022-11-22 15:56:46.615-08,2022-11-22 15:56:46.615-08
322,38,129,pending,2022-11-22 15:56:46.615-08,2022-11-22 15:56:46.615-08
323,38,73,accepted,2022-11-22 15:56:46.615-08,2022-11-22 15:56:46.615-08
324,38,70,pending,2022-11-22 15:56:46.615-08,2022-11-22 15:56:46.615-08
325,38,44,pending,2022-11-22 15:56:46.615-08,2022-11-22 15:56:46.615-08
326,38,62,pending,2022-11-22 15:56:46.615-08,2022-11-22 15:56:46.615-08
327,38,66,accepted,2022-11-22 15:56:46.615-08,2022-11-22 15:56:46.615-08
328,39,95,pending,2022-11-22 15:56:46.615-08,2022-11-22 15:56:46.615-08
329,39,56,pending,2022-11-22 15:56:46.615-08,2022-11-22 15:56:46.615-08
330,39,78,accepted,2022-11-22 15:56:46.615-08,2022-11-22 15:56:46.615-08
331,39,42,declined,2022-11-22 15:56:46.615-08,2022-11-22 15:56:46.615-08
332,39,62,accepted,2022-11-22 15:56:46.615-08,2022-11-22 15:56:46.615-08
333,39,120,declined,2022-11-22 15:56:46.615-08,2022-11-22 15:56:46.615-08
334,39,82,accepted,2022-11-22 15:56:46.615-08,2022-11-22 15:56:46.615-08
335,39,92,pending,2022-11-22 15:56:46.615-08,2022-11-22 15:56:46.615-08
336,40,64,accepted,2022-11-22 15:56:46.615-08,2022-11-22 15:56:46.615-08
337,40,118,accepted,2022-11-22 15:56:46.615-08,2022-11-22 15:56:46.615-08
338,40,95,pending,2022-11-22 15:56:46.615-08,2022-11-22 15:56:46.615-08
339,40,96,accepted,2022-11-22 15:56:46.615-08,2022-11-22 15:56:46.615-08
340,40,107,pending,2022-11-22 15:56:46.615-08,2022-11-22 15:56:46.615-08
341,40,66,accepted,2022-11-22 15:56:46.615-08,2022-11-22 15:56:46.615-08
342,40,45,accepted,2022-11-22 15:56:46.615-08,2022-11-22 15:56:46.615-08
343,40,44,accepted,2022-11-22 15:56:46.615-08,2022-11-22 15:56:46.615-08
344,41,69,accepted,2022-11-22 15:56:46.615-08,2022-11-22 15:56:46.615-08
345,41,74,declined,2022-11-22 15:56:46.615-08,2022-11-22 15:56:46.615-08
346,41,86,declined,2022-11-22 15:56:46.615-08,2022-11-22 15:56:46.615-08
347,41,101,pending,2022-11-22 15:56:46.615-08,2022-11-22 15:56:46.615-08
348,41,108,pending,2022-11-22 15:56:46.615-08,2022-11-22 15:56:46.615-08
349,41,83,declined,2022-11-22 15:56:46.615-08,2022-11-22 15:56:46.615-08
350,41,84,accepted,2022-11-22 15:56:46.615-08,2022-11-22 15:56:46.615-08
351,41,89,accepted,2022-11-22 15:56:46.615-08,2022-11-22 15:56:46.615-08
352,42,106,pending,2022-11-22 15:56:46.615-08,2022-11-22 15:56:46.615-08
353,42,112,pending,2022-11-22 15:56:46.615-08,2022-11-22 15:56:46.615-08
354,42,85,accepted,2022-11-22 15:56:46.615-08,2022-11-22 15:56:46.615-08
355,42,70,accepted,2022-11-22 15:56:46.615-08,2022-11-22 15:56:46.615-08
356,42,51,pending,2022-11-22 15:56:46.615-08,2022-11-22 15:56:46.615-08
357,42,113,accepted,2022-11-22 15:56:46.615-08,2022-11-22 15:56:46.615-08
358,42,95,accepted,2022-11-22 15:56:46.615-08,2022-11-22 15:56:46.615-08
359,42,108,accepted,2022-11-22 15:56:46.615-08,2022-11-22 15:56:46.615-08
360,42,111,accepted,2022-11-22 15:56:46.615-08,2022-11-22 15:56:46.615-08
361,42,56,accepted,2022-11-22 15:56:46.615-08,2022-11-22 15:56:46.615-08
362,42,126,pending,2022-11-22 15:56:46.615-08,2022-11-22 15:56:46.615-08
363,42,109,declined,2022-11-22 15:56:46.615-08,2022-11-22 15:56:46.615-08
364,42,71,accepted,2022-11-22 15:56:46.615-08,2022-11-22 15:56:46.615-08
365,42,115,declined,2022-11-22 15:56:46.615-08,2022-11-22 15:56:46.615-08
366,43,87,accepted,2022-11-22 15:56:46.615-08,2022-11-22 15:56:46.615-08
367,43,52,accepted,2022-11-22 15:56:46.615-08,2022-11-22 15:56:46.615-08
368,43,90,declined,2022-11-22 15:56:46.615-08,2022-11-22 15:56:46.615-08
369,43,133,pending,2022-11-22 15:56:46.615-08,2022-11-22 15:56:46.615-08
370,43,114,pending,2022-11-22 15:56:46.615-08,2022-11-22 15:56:46.615-08
371,43,126,accepted,2022-11-22 15:56:46.615-08,2022-11-22 15:56:46.615-08
372,43,73,declined,2022-11-22 15:56:46.615-08,2022-11-22 15:56:46.615-08
373,43,131,pending,2022-11-22 15:56:46.615-08,2022-11-22 15:56:46.615-08
374,43,71,declined,2022-11-22 15:56:46.615-08,2022-11-22 15:56:46.615-08
375,43,127,accepted,2022-11-22 15:56:46.615-08,2022-11-22 15:56:46.615-08
376,43,83,declined,2022-11-22 15:56:46.615-08,2022-11-22 15:56:46.615-08
377,44,48,pending,2022-11-22 15:56:46.615-08,2022-11-22 15:56:46.615-08
378,44,128,declined,2022-11-22 15:56:46.615-08,2022-11-22 15:56:46.615-08
379,44,46,declined,2022-11-22 15:56:46.615-08,2022-11-22 15:56:46.615-08
380,44,69,declined,2022-11-22 15:56:46.615-08,2022-11-22 15:56:46.615-08
381,44,77,declined,2022-11-22 15:56:46.615-08,2022-11-22 15:56:46.615-08
382,44,55,declined,2022-11-22 15:56:46.615-08,2022-11-22 15:56:46.615-08
383,44,59,accepted,2022-11-22 15:56:46.615-08,2022-11-22 15:56:46.615-08
384,45,57,accepted,2022-11-22 15:56:46.615-08,2022-11-22 15:56:46.615-08
385,45,101,accepted,2022-11-22 15:56:46.615-08,2022-11-22 15:56:46.615-08
386,45,84,accepted,2022-11-22 15:56:46.615-08,2022-11-22 15:56:46.615-08
387,45,130,pending,2022-11-22 15:56:46.615-08,2022-11-22 15:56:46.615-08
388,45,99,declined,2022-11-22 15:56:46.615-08,2022-11-22 15:56:46.615-08
389,45,112,accepted,2022-11-22 15:56:46.615-08,2022-11-22 15:56:46.615-08
390,45,59,declined,2022-11-22 15:56:46.615-08,2022-11-22 15:56:46.615-08
391,45,69,declined,2022-11-22 15:56:46.615-08,2022-11-22 15:56:46.615-08
392,45,114,accepted,2022-11-22 15:56:46.615-08,2022-11-22 15:56:46.615-08
393,45,122,declined,2022-11-22 15:56:46.615-08,2022-11-22 15:56:46.615-08
394,45,65,declined,2022-11-22 15:56:46.615-08,2022-11-22 15:56:46.615-08
395,46,88,pending,2022-11-22 15:56:46.615-08,2022-11-22 15:56:46.615-08
396,46,58,accepted,2022-11-22 15:56:46.615-08,2022-11-22 15:56:46.615-08
397,46,84,accepted,2022-11-22 15:56:46.615-08,2022-11-22 15:56:46.615-08
398,46,63,declined,2022-11-22 15:56:46.615-08,2022-11-22 15:56:46.615-08
399,46,133,accepted,2022-11-22 15:56:46.615-08,2022-11-22 15:56:46.615-08
400,46,89,declined,2022-11-22 15:56:46.615-08,2022-11-22 15:56:46.615-08
401,46,111,accepted,2022-11-22 15:56:46.615-08,2022-11-22 15:56:46.615-08
402,47,118,accepted,2022-11-22 15:56:46.615-08,2022-11-22 15:56:46.615-08
403,47,89,declined,2022-11-22 15:56:46.615-08,2022-11-22 15:56:46.615-08
404,47,121,accepted,2022-11-22 15:56:46.615-08,2022-11-22 15:56:46.615-08
405,47,130,declined,2022-11-22 15:56:46.615-08,2022-11-22 15:56:46.615-08
406,47,108,declined,2022-11-22 15:56:46.615-08,2022-11-22 15:56:46.615-08
407,47,120,declined,2022-11-22 15:56:46.615-08,2022-11-22 15:56:46.615-08
408,47,105,accepted,2022-11-22 15:56:46.615-08,2022-11-22 15:56:46.615-08
409,47,68,accepted,2022-11-22 15:56:46.615-08,2022-11-22 15:56:46.615-08
410,48,95,accepted,2022-11-22 15:56:46.615-08,2022-11-22 15:56:46.615-08
411,48,107,declined,2022-11-22 15:56:46.615-08,2022-11-22 15:56:46.615-08
412,48,52,declined,2022-11-22 15:56:46.615-08,2022-11-22 15:56:46.615-08
413,48,75,accepted,2022-11-22 15:56:46.615-08,2022-11-22 15:56:46.615-08
414,48,79,pending,2022-11-22 15:56:46.615-08,2022-11-22 15:56:46.615-08
415,48,66,declined,2022-11-22 15:56:46.615-08,2022-11-22 15:56:46.615-08
416,48,68,declined,2022-11-22 15:56:46.615-08,2022-11-22 15:56:46.615-08
417,49,124,declined,2022-11-22 15:56:46.615-08,2022-11-22 15:56:46.615-08
418,49,105,accepted,2022-11-22 15:56:46.615-08,2022-11-22 15:56:46.615-08
419,49,71,declined,2022-11-22 15:56:46.615-08,2022-11-22 15:56:46.615-08
420,49,75,pending,2022-11-22 15:56:46.615-08,2022-11-22 15:56:46.615-08
421,49,72,pending,2022-11-22 15:56:46.615-08,2022-11-22 15:56:46.615-08
422,49,93,declined,2022-11-22 15:56:46.615-08,2022-11-22 15:56:46.615-08
423,49,117,accepted,2022-11-22 15:56:46.615-08,2022-11-22 15:56:46.615-08
424,49,116,pending,2022-11-22 15:56:46.615-08,2022-11-22 15:56:46.615-08
425,49,108,accepted,2022-11-22 15:56:46.615-08,2022-11-22 15:56:46.615-08
426,49,110,accepted,2022-11-22 15:56:46.615-08,2022-11-22 15:56:46.615-08
427,50,87,accepted,2022-11-22 15:56:46.615-08,2022-11-22 15:56:46.615-08
428,50,121,declined,2022-11-22 15:56:46.615-08,2022-11-22 15:56:46.615-08
429,50,100,declined,2022-11-22 15:56:46.615-08,2022-11-22 15:56:46.615-08
430,50,129,pending,2022-11-22 15:56:46.615-08,2022-11-22 15:56:46.615-08
431,50,67,declined,2022-11-22 15:56:46.615-08,2022-11-22 15:56:46.615-08
432,50,75,declined,2022-11-22 15:56:46.615-08,2022-11-22 15:56:46.615-08
433,50,103,pending,2022-11-22 15:56:46.615-08,2022-11-22 15:56:46.615-08
434,50,61,accepted,2022-11-22 15:56:46.615-08,2022-11-22 15:56:46.615-08
435,50,99,pending,2022-11-22 15:56:46.615-08,2022-11-22 15:56:46.615-08
436,50,110,accepted,2022-11-22 15:56:46.615-08,2022-11-22 15:56:46.615-08
437,51,84,accepted,2022-11-22 15:56:46.615-08,2022-11-22 15:56:46.615-08
438,51,77,accepted,2022-11-22 15:56:46.615-08,2022-11-22 15:56:46.615-08
439,51,81,pending,2022-11-22 15:56:46.615-08,2022-11-22 15:56:46.615-08
440,51,129,declined,2022-11-22 15:56:46.615-08,2022-11-22 15:56:46.615-08
441,51,131,accepted,2022-11-22 15:56:46.615-08,2022-11-22 15:56:46.615-08
442,51,63,pending,2022-11-22 15:56:46.615-08,2022-11-22 15:56:46.615-08
443,52,99,accepted,2022-11-22 15:56:46.615-08,2022-11-22 15:56:46.615-08
444,52,72,declined,2022-11-22 15:56:46.615-08,2022-11-22 15:56:46.615-08
445,52,134,declined,2022-11-22 15:56:46.615-08,2022-11-22 15:56:46.615-08
446,52,64,declined,2022-11-22 15:56:46.615-08,2022-11-22 15:56:46.615-08
447,52,107,accepted,2022-11-22 15:56:46.615-08,2022-11-22 15:56:46.615-08
448,52,95,accepted,2022-11-22 15:56:46.615-08,2022-11-22 15:56:46.615-08
449,52,87,pending,2022-11-22 15:56:46.615-08,2022-11-22 15:56:46.615-08
450,52,67,accepted,2022-11-22 15:56:46.615-08,2022-11-22 15:56:46.615-08
451,53,78,pending,2022-11-22 15:56:46.615-08,2022-11-22 15:56:46.615-08
452,53,72,pending,2022-11-22 15:56:46.615-08,2022-11-22 15:56:46.615-08
453,53,73,accepted,2022-11-22 15:56:46.615-08,2022-11-22 15:56:46.615-08
454,53,97,pending,2022-11-22 15:56:46.615-08,2022-11-22 15:56:46.615-08
455,53,115,pending,2022-11-22 15:56:46.615-08,2022-11-22 15:56:46.615-08
456,53,92,accepted,2022-11-22 15:56:46.615-08,2022-11-22 15:56:46.615-08
457,53,68,accepted,2022-11-22 15:56:46.615-08,2022-11-22 15:56:46.615-08
458,54,96,declined,2022-11-22 15:56:46.615-08,2022-11-22 15:56:46.615-08
459,54,107,accepted,2022-11-22 15:56:46.615-08,2022-11-22 15:56:46.615-08
460,54,115,declined,2022-11-22 15:56:46.615-08,2022-11-22 15:56:46.615-08
461,54,59,accepted,2022-11-22 15:56:46.615-08,2022-11-22 15:56:46.615-08
462,54,74,accepted,2022-11-22 15:56:46.615-08,2022-11-22 15:56:46.615-08
463,54,112,accepted,2022-11-22 15:56:46.615-08,2022-11-22 15:56:46.615-08
464,54,109,pending,2022-11-22 15:56:46.615-08,2022-11-22 15:56:46.615-08
465,54,58,declined,2022-11-22 15:56:46.615-08,2022-11-22 15:56:46.615-08
466,54,91,accepted,2022-11-22 15:56:46.615-08,2022-11-22 15:56:46.615-08
467,54,135,accepted,2022-11-22 15:56:46.615-08,2022-11-22 15:56:46.615-08
468,54,68,declined,2022-11-22 15:56:46.615-08,2022-11-22 15:56:46.615-08
469,54,57,pending,2022-11-22 15:56:46.615-08,2022-11-22 15:56:46.615-08
470,55,119,accepted,2022-11-22 15:56:46.615-08,2022-11-22 15:56:46.615-08
471,55,60,accepted,2022-11-22 15:56:46.615-08,2022-11-22 15:56:46.615-08
472,55,90,declined,2022-11-22 15:56:46.615-08,2022-11-22 15:56:46.615-08
473,55,74,pending,2022-11-22 15:56:46.615-08,2022-11-22 15:56:46.615-08
474,55,129,accepted,2022-11-22 15:56:46.615-08,2022-11-22 15:56:46.615-08
475,55,103,declined,2022-11-22 15:56:46.615-08,2022-11-22 15:56:46.615-08
476,55,62,pending,2022-11-22 15:56:46.615-08,2022-11-22 15:56:46.615-08
477,55,131,accepted,2022-11-22 15:56:46.615-08,2022-11-22 15:56:46.615-08
478,56,65,accepted,2022-11-22 15:56:46.615-08,2022-11-22 15:56:46.615-08
479,56,91,accepted,2022-11-22 15:56:46.615-08,2022-11-22 15:56:46.615-08
480,56,124,accepted,2022-11-22 15:56:46.615-08,2022-11-22 15:56:46.615-08
481,56,98,accepted,2022-11-22 15:56:46.615-08,2022-11-22 15:56:46.615-08
482,56,60,accepted,2022-11-22 15:56:46.615-08,2022-11-22 15:56:46.615-08
483,56,135,pending,2022-11-22 15:56:46.615-08,2022-11-22 15:56:46.615-08
484,56,115,pending,2022-11-22 15:56:46.615-08,2022-11-22 15:56:46.615-08
485,56,112,declined,2022-11-22 15:56:46.615-08,2022-11-22 15:56:46.615-08
486,56,66,declined,2022-11-22 15:56:46.615-08,2022-11-22 15:56:46.615-08
487,56,113,pending,2022-11-22 15:56:46.615-08,2022-11-22 15:56:46.615-08
488,57,92,pending,2022-11-22 15:56:46.615-08,2022-11-22 15:56:46.615-08
489,57,102,accepted,2022-11-22 15:56:46.615-08,2022-11-22 15:56:46.615-08
490,57,116,accepted,2022-11-22 15:56:46.615-08,2022-11-22 15:56:46.615-08
491,57,103,accepted,2022-11-22 15:56:46.615-08,2022-11-22 15:56:46.615-08
492,57,132,accepted,2022-11-22 15:56:46.615-08,2022-11-22 15:56:46.615-08
493,57,76,accepted,2022-11-22 15:56:46.615-08,2022-11-22 15:56:46.615-08
494,57,90,declined,2022-11-22 15:56:46.615-08,2022-11-22 15:56:46.615-08
495,58,104,declined,2022-11-22 15:56:46.615-08,2022-11-22 15:56:46.615-08
496,58,89,pending,2022-11-22 15:56:46.615-08,2022-11-22 15:56:46.615-08
497,58,64,declined,2022-11-22 15:56:46.615-08,2022-11-22 15:56:46.615-08
498,58,124,accepted,2022-11-22 15:56:46.615-08,2022-11-22 15:56:46.615-08
499,58,86,declined,2022-11-22 15:56:46.615-08,2022-11-22 15:56:46.615-08
500,58,99,accepted,2022-11-22 15:56:46.615-08,2022-11-22 15:56:46.615-08
501,58,103,accepted,2022-11-22 15:56:46.615-08,2022-11-22 15:56:46.615-08
502,59,78,accepted,2022-11-22 15:56:46.615-08,2022-11-22 15:56:46.615-08
503,59,86,pending,2022-11-22 15:56:46.615-08,2022-11-22 15:56:46.615-08
504,59,72,declined,2022-11-22 15:56:46.615-08,2022-11-22 15:56:46.615-08
505,59,131,declined,2022-11-22 15:56:46.615-08,2022-11-22 15:56:46.615-08
506,59,70,accepted,2022-11-22 15:56:46.615-08,2022-11-22 15:56:46.615-08
507,59,68,declined,2022-11-22 15:56:46.615-08,2022-11-22 15:56:46.615-08
508,59,75,pending,2022-11-22 15:56:46.615-08,2022-11-22 15:56:46.615-08
509,59,112,declined,2022-11-22 15:56:46.615-08,2022-11-22 15:56:46.615-08
510,59,120,pending,2022-11-22 15:56:46.615-08,2022-11-22 15:56:46.615-08
511,59,95,pending,2022-11-22 15:56:46.615-08,2022-11-22 15:56:46.615-08
512,59,89,pending,2022-11-22 15:56:46.615-08,2022-11-22 15:56:46.615-08
513,59,98,pending,2022-11-22 15:56:46.615-08,2022-11-22 15:56:46.615-08
514,60,70,accepted,2022-11-22 15:56:46.615-08,2022-11-22 15:56:46.615-08
515,60,64,declined,2022-11-22 15:56:46.615-08,2022-11-22 15:56:46.615-08
516,60,78,accepted,2022-11-22 15:56:46.615-08,2022-11-22 15:56:46.615-08
517,60,77,declined,2022-11-22 15:56:46.615-08,2022-11-22 15:56:46.615-08
518,60,91,accepted,2022-11-22 15:56:46.615-08,2022-11-22 15:56:46.615-08
519,60,134,pending,2022-11-22 15:56:46.615-08,2022-11-22 15:56:46.615-08
520,60,102,pending,2022-11-22 15:56:46.615-08,2022-11-22 15:56:46.615-08
521,60,121,declined,2022-11-22 15:56:46.615-08,2022-11-22 15:56:46.615-08
522,61,133,declined,2022-11-22 15:56:46.615-08,2022-11-22 15:56:46.615-08
523,61,82,pending,2022-11-22 15:56:46.615-08,2022-11-22 15:56:46.615-08
524,61,119,pending,2022-11-22 15:56:46.615-08,2022-11-22 15:56:46.615-08
525,61,63,declined,2022-11-22 15:56:46.615-08,2022-11-22 15:56:46.615-08
526,61,94,pending,2022-11-22 15:56:46.615-08,2022-11-22 15:56:46.615-08
527,61,70,declined,2022-11-22 15:56:46.615-08,2022-11-22 15:56:46.615-08
528,61,73,pending,2022-11-22 15:56:46.615-08,2022-11-22 15:56:46.615-08
529,61,125,declined,2022-11-22 15:56:46.615-08,2022-11-22 15:56:46.615-08
530,61,123,accepted,2022-11-22 15:56:46.615-08,2022-11-22 15:56:46.615-08
531,61,79,pending,2022-11-22 15:56:46.615-08,2022-11-22 15:56:46.615-08
532,62,76,accepted,2022-11-22 15:56:46.615-08,2022-11-22 15:56:46.615-08
533,62,104,declined,2022-11-22 15:56:46.615-08,2022-11-22 15:56:46.615-08
534,62,90,pending,2022-11-22 15:56:46.615-08,2022-11-22 15:56:46.615-08
535,62,91,pending,2022-11-22 15:56:46.615-08,2022-11-22 15:56:46.615-08
536,62,108,pending,2022-11-22 15:56:46.615-08,2022-11-22 15:56:46.615-08
537,63,95,accepted,2022-11-22 15:56:46.615-08,2022-11-22 15:56:46.615-08
538,63,107,pending,2022-11-22 15:56:46.615-08,2022-11-22 15:56:46.615-08
539,63,130,declined,2022-11-22 15:56:46.615-08,2022-11-22 15:56:46.615-08
540,63,70,declined,2022-11-22 15:56:46.615-08,2022-11-22 15:56:46.615-08
541,63,98,accepted,2022-11-22 15:56:46.615-08,2022-11-22 15:56:46.615-08
542,63,66,declined,2022-11-22 15:56:46.615-08,2022-11-22 15:56:46.615-08
543,63,109,accepted,2022-11-22 15:56:46.615-08,2022-11-22 15:56:46.615-08
544,64,66,accepted,2022-11-22 15:56:46.615-08,2022-11-22 15:56:46.615-08
545,64,72,accepted,2022-11-22 15:56:46.615-08,2022-11-22 15:56:46.615-08
546,64,110,pending,2022-11-22 15:56:46.615-08,2022-11-22 15:56:46.615-08
547,64,128,declined,2022-11-22 15:56:46.615-08,2022-11-22 15:56:46.615-08
548,64,123,declined,2022-11-22 15:56:46.615-08,2022-11-22 15:56:46.615-08
549,64,93,pending,2022-11-22 15:56:46.615-08,2022-11-22 15:56:46.615-08
550,64,81,accepted,2022-11-22 15:56:46.615-08,2022-11-22 15:56:46.615-08
551,65,68,accepted,2022-11-22 15:56:46.615-08,2022-11-22 15:56:46.615-08
552,65,132,declined,2022-11-22 15:56:46.615-08,2022-11-22 15:56:46.615-08
553,65,69,pending,2022-11-22 15:56:46.615-08,2022-11-22 15:56:46.615-08
554,65,94,pending,2022-11-22 15:56:46.615-08,2022-11-22 15:56:46.615-08
555,65,121,accepted,2022-11-22 15:56:46.615-08,2022-11-22 15:56:46.615-08
556,65,106,accepted,2022-11-22 15:56:46.615-08,2022-11-22 15:56:46.615-08
557,65,100,accepted,2022-11-22 15:56:46.615-08,2022-11-22 15:56:46.615-08
558,65,81,pending,2022-11-22 15:56:46.615-08,2022-11-22 15:56:46.615-08
559,65,107,accepted,2022-11-22 15:56:46.615-08,2022-11-22 15:56:46.615-08
560,65,85,accepted,2022-11-22 15:56:46.615-08,2022-11-22 15:56:46.615-08
561,66,116,pending,2022-11-22 15:56:46.615-08,2022-11-22 15:56:46.615-08
562,66,73,pending,2022-11-22 15:56:46.615-08,2022-11-22 15:56:46.615-08
563,66,134,accepted,2022-11-22 15:56:46.615-08,2022-11-22 15:56:46.615-08
564,66,72,declined,2022-11-22 15:56:46.615-08,2022-11-22 15:56:46.615-08
565,66,74,declined,2022-11-22 15:56:46.615-08,2022-11-22 15:56:46.615-08
566,66,79,pending,2022-11-22 15:56:46.615-08,2022-11-22 15:56:46.615-08
567,66,75,accepted,2022-11-22 15:56:46.615-08,2022-11-22 15:56:46.615-08
568,67,104,pending,2022-11-22 15:56:46.615-08,2022-11-22 15:56:46.615-08
569,67,70,declined,2022-11-22 15:56:46.615-08,2022-11-22 15:56:46.615-08
570,67,71,declined,2022-11-22 15:56:46.615-08,2022-11-22 15:56:46.615-08
571,67,87,declined,2022-11-22 15:56:46.615-08,2022-11-22 15:56:46.615-08
572,67,130,pending,2022-11-22 15:56:46.615-08,2022-11-22 15:56:46.615-08
573,67,93,declined,2022-11-22 15:56:46.615-08,2022-11-22 15:56:46.615-08
574,67,125,accepted,2022-11-22 15:56:46.615-08,2022-11-22 15:56:46.615-08
575,68,116,declined,2022-11-22 15:56:46.615-08,2022-11-22 15:56:46.615-08
576,68,92,pending,2022-11-22 15:56:46.615-08,2022-11-22 15:56:46.615-08
577,68,130,pending,2022-11-22 15:56:46.615-08,2022-11-22 15:56:46.615-08
578,68,80,declined,2022-11-22 15:56:46.615-08,2022-11-22 15:56:46.615-08
579,68,128,declined,2022-11-22 15:56:46.615-08,2022-11-22 15:56:46.615-08
580,69,86,declined,2022-11-22 15:56:46.615-08,2022-11-22 15:56:46.615-08
581,69,126,pending,2022-11-22 15:56:46.615-08,2022-11-22 15:56:46.615-08
582,69,79,accepted,2022-11-22 15:56:46.615-08,2022-11-22 15:56:46.615-08
583,69,123,accepted,2022-11-22 15:56:46.615-08,2022-11-22 15:56:46.615-08
584,69,83,accepted,2022-11-22 15:56:46.615-08,2022-11-22 15:56:46.615-08
585,69,95,declined,2022-11-22 15:56:46.615-08,2022-11-22 15:56:46.615-08
586,69,133,pending,2022-11-22 15:56:46.615-08,2022-11-22 15:56:46.615-08
587,69,102,declined,2022-11-22 15:56:46.615-08,2022-11-22 15:56:46.615-08
588,69,129,pending,2022-11-22 15:56:46.615-08,2022-11-22 15:56:46.615-08
589,70,120,accepted,2022-11-22 15:56:46.615-08,2022-11-22 15:56:46.615-08
590,70,93,pending,2022-11-22 15:56:46.615-08,2022-11-22 15:56:46.615-08
591,70,98,declined,2022-11-22 15:56:46.615-08,2022-11-22 15:56:46.615-08
592,70,75,declined,2022-11-22 15:56:46.615-08,2022-11-22 15:56:46.615-08
593,70,121,accepted,2022-11-22 15:56:46.615-08,2022-11-22 15:56:46.615-08
594,70,102,declined,2022-11-22 15:56:46.615-08,2022-11-22 15:56:46.615-08
595,70,95,pending,2022-11-22 15:56:46.615-08,2022-11-22 15:56:46.615-08
596,70,110,accepted,2022-11-22 15:56:46.615-08,2022-11-22 15:56:46.615-08
597,70,87,declined,2022-11-22 15:56:46.615-08,2022-11-22 15:56:46.615-08
598,70,82,accepted,2022-11-22 15:56:46.615-08,2022-11-22 15:56:46.615-08
599,71,115,accepted,2022-11-22 15:56:46.615-08,2022-11-22 15:56:46.615-08
600,71,75,accepted,2022-11-22 15:56:46.615-08,2022-11-22 15:56:46.615-08
601,71,101,accepted,2022-11-22 15:56:46.615-08,2022-11-22 15:56:46.615-08
602,71,87,accepted,2022-11-22 15:56:46.615-08,2022-11-22 15:56:46.615-08
603,71,110,accepted,2022-11-22 15:56:46.615-08,2022-11-22 15:56:46.615-08
604,71,88,accepted,2022-11-22 15:56:46.615-08,2022-11-22 15:56:46.615-08
605,71,84,declined,2022-11-22 15:56:46.615-08,2022-11-22 15:56:46.615-08
606,71,123,accepted,2022-11-22 15:56:46.615-08,2022-11-22 15:56:46.615-08
607,71,80,accepted,2022-11-22 15:56:46.615-08,2022-11-22 15:56:46.615-08
608,72,116,pending,2022-11-22 15:56:46.615-08,2022-11-22 15:56:46.615-08
609,72,101,pending,2022-11-22 15:56:46.615-08,2022-11-22 15:56:46.615-08
610,72,119,declined,2022-11-22 15:56:46.615-08,2022-11-22 15:56:46.615-08
611,72,110,declined,2022-11-22 15:56:46.615-08,2022-11-22 15:56:46.615-08
612,72,99,accepted,2022-11-22 15:56:46.615-08,2022-11-22 15:56:46.615-08
613,72,122,declined,2022-11-22 15:56:46.615-08,2022-11-22 15:56:46.615-08
614,72,93,pending,2022-11-22 15:56:46.615-08,2022-11-22 15:56:46.615-08
615,73,81,accepted,2022-11-22 15:56:46.615-08,2022-11-22 15:56:46.615-08
616,73,94,declined,2022-11-22 15:56:46.615-08,2022-11-22 15:56:46.615-08
617,73,116,accepted,2022-11-22 15:56:46.615-08,2022-11-22 15:56:46.615-08
618,73,76,accepted,2022-11-22 15:56:46.615-08,2022-11-22 15:56:46.615-08
619,73,126,declined,2022-11-22 15:56:46.615-08,2022-11-22 15:56:46.615-08
620,73,127,accepted,2022-11-22 15:56:46.615-08,2022-11-22 15:56:46.615-08
621,73,87,accepted,2022-11-22 15:56:46.615-08,2022-11-22 15:56:46.615-08
622,73,130,pending,2022-11-22 15:56:46.615-08,2022-11-22 15:56:46.615-08
623,74,106,accepted,2022-11-22 15:56:46.615-08,2022-11-22 15:56:46.615-08
624,74,93,accepted,2022-11-22 15:56:46.615-08,2022-11-22 15:56:46.615-08
625,74,104,pending,2022-11-22 15:56:46.615-08,2022-11-22 15:56:46.615-08
626,74,97,pending,2022-11-22 15:56:46.615-08,2022-11-22 15:56:46.615-08
627,74,79,pending,2022-11-22 15:56:46.615-08,2022-11-22 15:56:46.615-08
628,74,111,declined,2022-11-22 15:56:46.615-08,2022-11-22 15:56:46.615-08
629,74,107,declined,2022-11-22 15:56:46.615-08,2022-11-22 15:56:46.615-08
630,74,114,accepted,2022-11-22 15:56:46.615-08,2022-11-22 15:56:46.615-08
631,74,135,declined,2022-11-22 15:56:46.615-08,2022-11-22 15:56:46.615-08
632,74,96,accepted,2022-11-22 15:56:46.615-08,2022-11-22 15:56:46.615-08
633,75,87,pending,2022-11-22 15:56:46.615-08,2022-11-22 15:56:46.615-08
634,75,113,accepted,2022-11-22 15:56:46.615-08,2022-11-22 15:56:46.615-08
635,75,90,accepted,2022-11-22 15:56:46.615-08,2022-11-22 15:56:46.615-08
636,75,98,pending,2022-11-22 15:56:46.615-08,2022-11-22 15:56:46.615-08
637,75,78,declined,2022-11-22 15:56:46.615-08,2022-11-22 15:56:46.615-08
638,75,118,accepted,2022-11-22 15:56:46.615-08,2022-11-22 15:56:46.615-08
639,76,98,pending,2022-11-22 15:56:46.615-08,2022-11-22 15:56:46.615-08
640,76,87,declined,2022-11-22 15:56:46.615-08,2022-11-22 15:56:46.615-08
641,76,110,declined,2022-11-22 15:56:46.615-08,2022-11-22 15:56:46.615-08
642,76,93,accepted,2022-11-22 15:56:46.615-08,2022-11-22 15:56:46.615-08
643,76,134,declined,2022-11-22 15:56:46.615-08,2022-11-22 15:56:46.615-08
644,76,99,declined,2022-11-22 15:56:46.615-08,2022-11-22 15:56:46.615-08
645,76,108,pending,2022-11-22 15:56:46.615-08,2022-11-22 15:56:46.615-08
646,77,135,declined,2022-11-22 15:56:46.615-08,2022-11-22 15:56:46.615-08
647,77,126,pending,2022-11-22 15:56:46.615-08,2022-11-22 15:56:46.615-08
648,77,131,declined,2022-11-22 15:56:46.615-08,2022-11-22 15:56:46.615-08
649,77,83,declined,2022-11-22 15:56:46.615-08,2022-11-22 15:56:46.615-08
650,77,81,declined,2022-11-22 15:56:46.615-08,2022-11-22 15:56:46.615-08
651,77,114,pending,2022-11-22 15:56:46.615-08,2022-11-22 15:56:46.615-08
652,77,85,declined,2022-11-22 15:56:46.615-08,2022-11-22 15:56:46.615-08
653,77,91,declined,2022-11-22 15:56:46.615-08,2022-11-22 15:56:46.615-08
654,77,111,pending,2022-11-22 15:56:46.615-08,2022-11-22 15:56:46.615-08
655,77,89,declined,2022-11-22 15:56:46.615-08,2022-11-22 15:56:46.615-08
656,77,80,accepted,2022-11-22 15:56:46.615-08,2022-11-22 15:56:46.615-08
657,77,98,declined,2022-11-22 15:56:46.615-08,2022-11-22 15:56:46.615-08
658,77,86,declined,2022-11-22 15:56:46.615-08,2022-11-22 15:56:46.615-08
659,78,102,declined,2022-11-22 15:56:46.615-08,2022-11-22 15:56:46.615-08
660,78,133,declined,2022-11-22 15:56:46.615-08,2022-11-22 15:56:46.615-08
661,78,98,declined,2022-11-22 15:56:46.615-08,2022-11-22 15:56:46.615-08
662,78,130,declined,2022-11-22 15:56:46.615-08,2022-11-22 15:56:46.615-08
663,78,81,accepted,2022-11-22 15:56:46.615-08,2022-11-22 15:56:46.615-08
664,78,107,accepted,2022-11-22 15:56:46.615-08,2022-11-22 15:56:46.615-08
665,78,131,pending,2022-11-22 15:56:46.615-08,2022-11-22 15:56:46.615-08
666,78,111,accepted,2022-11-22 15:56:46.615-08,2022-11-22 15:56:46.615-08
667,79,122,accepted,2022-11-22 15:56:46.615-08,2022-11-22 15:56:46.615-08
668,79,110,declined,2022-11-22 15:56:46.615-08,2022-11-22 15:56:46.615-08
669,79,116,accepted,2022-11-22 15:56:46.615-08,2022-11-22 15:56:46.615-08
670,79,104,declined,2022-11-22 15:56:46.615-08,2022-11-22 15:56:46.615-08
671,79,120,declined,2022-11-22 15:56:46.615-08,2022-11-22 15:56:46.615-08
672,79,133,pending,2022-11-22 15:56:46.615-08,2022-11-22 15:56:46.615-08
673,80,123,declined,2022-11-22 15:56:46.615-08,2022-11-22 15:56:46.615-08
674,80,113,accepted,2022-11-22 15:56:46.615-08,2022-11-22 15:56:46.615-08
675,80,114,accepted,2022-11-22 15:56:46.615-08,2022-11-22 15:56:46.615-08
676,80,83,declined,2022-11-22 15:56:46.615-08,2022-11-22 15:56:46.615-08
677,80,121,pending,2022-11-22 15:56:46.615-08,2022-11-22 15:56:46.615-08
678,80,122,declined,2022-11-22 15:56:46.615-08,2022-11-22 15:56:46.615-08
679,81,83,pending,2022-11-22 15:56:46.615-08,2022-11-22 15:56:46.615-08
680,81,117,accepted,2022-11-22 15:56:46.615-08,2022-11-22 15:56:46.615-08
681,81,133,pending,2022-11-22 15:56:46.615-08,2022-11-22 15:56:46.615-08
682,81,123,accepted,2022-11-22 15:56:46.615-08,2022-11-22 15:56:46.615-08
683,81,101,pending,2022-11-22 15:56:46.615-08,2022-11-22 15:56:46.615-08
684,81,111,declined,2022-11-22 15:56:46.615-08,2022-11-22 15:56:46.615-08
685,81,98,pending,2022-11-22 15:56:46.615-08,2022-11-22 15:56:46.615-08
686,81,121,pending,2022-11-22 15:56:46.615-08,2022-11-22 15:56:46.615-08
687,81,91,accepted,2022-11-22 15:56:46.615-08,2022-11-22 15:56:46.615-08
688,81,115,pending,2022-11-22 15:56:46.615-08,2022-11-22 15:56:46.615-08
689,81,96,pending,2022-11-22 15:56:46.615-08,2022-11-22 15:56:46.615-08
690,82,110,accepted,2022-11-22 15:56:46.615-08,2022-11-22 15:56:46.615-08
691,82,92,accepted,2022-11-22 15:56:46.615-08,2022-11-22 15:56:46.615-08
692,82,86,accepted,2022-11-22 15:56:46.615-08,2022-11-22 15:56:46.615-08
693,82,112,pending,2022-11-22 15:56:46.615-08,2022-11-22 15:56:46.615-08
694,82,95,accepted,2022-11-22 15:56:46.615-08,2022-11-22 15:56:46.615-08
695,82,99,accepted,2022-11-22 15:56:46.615-08,2022-11-22 15:56:46.615-08
696,82,111,pending,2022-11-22 15:56:46.615-08,2022-11-22 15:56:46.615-08
697,82,128,accepted,2022-11-22 15:56:46.615-08,2022-11-22 15:56:46.615-08
698,82,124,accepted,2022-11-22 15:56:46.615-08,2022-11-22 15:56:46.615-08
699,83,130,accepted,2022-11-22 15:56:46.615-08,2022-11-22 15:56:46.615-08
700,83,123,pending,2022-11-22 15:56:46.615-08,2022-11-22 15:56:46.615-08
701,83,115,accepted,2022-11-22 15:56:46.615-08,2022-11-22 15:56:46.615-08
702,83,105,accepted,2022-11-22 15:56:46.615-08,2022-11-22 15:56:46.615-08
703,83,104,accepted,2022-11-22 15:56:46.615-08,2022-11-22 15:56:46.615-08
704,84,116,pending,2022-11-22 15:56:46.615-08,2022-11-22 15:56:46.615-08
705,84,111,declined,2022-11-22 15:56:46.615-08,2022-11-22 15:56:46.615-08
706,84,110,pending,2022-11-22 15:56:46.615-08,2022-11-22 15:56:46.615-08
707,84,103,pending,2022-11-22 15:56:46.615-08,2022-11-22 15:56:46.615-08
708,84,105,pending,2022-11-22 15:56:46.615-08,2022-11-22 15:56:46.615-08
709,84,121,accepted,2022-11-22 15:56:46.615-08,2022-11-22 15:56:46.615-08
710,84,114,accepted,2022-11-22 15:56:46.615-08,2022-11-22 15:56:46.615-08
711,84,133,pending,2022-11-22 15:56:46.615-08,2022-11-22 15:56:46.615-08
712,84,119,declined,2022-11-22 15:56:46.615-08,2022-11-22 15:56:46.615-08
713,85,87,declined,2022-11-22 15:56:46.615-08,2022-11-22 15:56:46.615-08
714,85,89,declined,2022-11-22 15:56:46.615-08,2022-11-22 15:56:46.615-08
715,85,128,pending,2022-11-22 15:56:46.615-08,2022-11-22 15:56:46.615-08
716,85,120,pending,2022-11-22 15:56:46.615-08,2022-11-22 15:56:46.615-08
717,85,110,accepted,2022-11-22 15:56:46.615-08,2022-11-22 15:56:46.615-08
718,85,117,pending,2022-11-22 15:56:46.615-08,2022-11-22 15:56:46.615-08
719,85,134,pending,2022-11-22 15:56:46.615-08,2022-11-22 15:56:46.615-08
720,85,127,declined,2022-11-22 15:56:46.615-08,2022-11-22 15:56:46.615-08
721,85,92,pending,2022-11-22 15:56:46.615-08,2022-11-22 15:56:46.615-08
722,86,126,pending,2022-11-22 15:56:46.615-08,2022-11-22 15:56:46.615-08
723,86,125,accepted,2022-11-22 15:56:46.615-08,2022-11-22 15:56:46.615-08
724,86,111,declined,2022-11-22 15:56:46.615-08,2022-11-22 15:56:46.615-08
725,86,107,pending,2022-11-22 15:56:46.615-08,2022-11-22 15:56:46.615-08
726,86,112,declined,2022-11-22 15:56:46.615-08,2022-11-22 15:56:46.615-08
727,86,127,pending,2022-11-22 15:56:46.615-08,2022-11-22 15:56:46.615-08
728,86,124,accepted,2022-11-22 15:56:46.615-08,2022-11-22 15:56:46.615-08
729,87,105,accepted,2022-11-22 15:56:46.615-08,2022-11-22 15:56:46.615-08
730,87,91,declined,2022-11-22 15:56:46.615-08,2022-11-22 15:56:46.615-08
731,87,98,accepted,2022-11-22 15:56:46.615-08,2022-11-22 15:56:46.615-08
732,87,119,accepted,2022-11-22 15:56:46.615-08,2022-11-22 15:56:46.615-08
733,87,131,accepted,2022-11-22 15:56:46.615-08,2022-11-22 15:56:46.615-08
734,87,117,declined,2022-11-22 15:56:46.615-08,2022-11-22 15:56:46.615-08
735,87,123,pending,2022-11-22 15:56:46.615-08,2022-11-22 15:56:46.615-08
736,87,110,declined,2022-11-22 15:56:46.615-08,2022-11-22 15:56:46.615-08
737,87,107,accepted,2022-11-22 15:56:46.615-08,2022-11-22 15:56:46.615-08
738,87,97,pending,2022-11-22 15:56:46.615-08,2022-11-22 15:56:46.615-08
739,87,118,pending,2022-11-22 15:56:46.615-08,2022-11-22 15:56:46.615-08
740,88,120,declined,2022-11-22 15:56:46.615-08,2022-11-22 15:56:46.615-08
741,88,131,declined,2022-11-22 15:56:46.615-08,2022-11-22 15:56:46.615-08
742,88,101,declined,2022-11-22 15:56:46.615-08,2022-11-22 15:56:46.615-08
743,88,130,declined,2022-11-22 15:56:46.615-08,2022-11-22 15:56:46.615-08
744,88,110,pending,2022-11-22 15:56:46.615-08,2022-11-22 15:56:46.615-08
745,88,111,declined,2022-11-22 15:56:46.615-08,2022-11-22 15:56:46.615-08
746,88,107,accepted,2022-11-22 15:56:46.615-08,2022-11-22 15:56:46.615-08
747,89,106,pending,2022-11-22 15:56:46.615-08,2022-11-22 15:56:46.615-08
748,89,93,pending,2022-11-22 15:56:46.615-08,2022-11-22 15:56:46.615-08
749,89,95,pending,2022-11-22 15:56:46.615-08,2022-11-22 15:56:46.615-08
750,89,92,pending,2022-11-22 15:56:46.615-08,2022-11-22 15:56:46.615-08
751,89,119,pending,2022-11-22 15:56:46.615-08,2022-11-22 15:56:46.615-08
752,89,100,declined,2022-11-22 15:56:46.615-08,2022-11-22 15:56:46.615-08
753,89,128,pending,2022-11-22 15:56:46.615-08,2022-11-22 15:56:46.615-08
754,90,102,pending,2022-11-22 15:56:46.615-08,2022-11-22 15:56:46.615-08
755,90,124,accepted,2022-11-22 15:56:46.615-08,2022-11-22 15:56:46.615-08
756,90,113,accepted,2022-11-22 15:56:46.615-08,2022-11-22 15:56:46.615-08
757,90,128,declined,2022-11-22 15:56:46.615-08,2022-11-22 15:56:46.615-08
758,90,109,pending,2022-11-22 15:56:46.615-08,2022-11-22 15:56:46.615-08
759,90,122,declined,2022-11-22 15:56:46.615-08,2022-11-22 15:56:46.615-08
760,91,128,accepted,2022-11-22 15:56:46.615-08,2022-11-22 15:56:46.615-08
761,91,131,accepted,2022-11-22 15:56:46.615-08,2022-11-22 15:56:46.615-08
762,91,114,pending,2022-11-22 15:56:46.615-08,2022-11-22 15:56:46.615-08
763,91,109,pending,2022-11-22 15:56:46.615-08,2022-11-22 15:56:46.615-08
764,91,104,declined,2022-11-22 15:56:46.615-08,2022-11-22 15:56:46.615-08
765,91,123,accepted,2022-11-22 15:56:46.615-08,2022-11-22 15:56:46.615-08
766,92,135,declined,2022-11-22 15:56:46.615-08,2022-11-22 15:56:46.615-08
767,92,101,pending,2022-11-22 15:56:46.615-08,2022-11-22 15:56:46.615-08
768,92,125,pending,2022-11-22 15:56:46.615-08,2022-11-22 15:56:46.615-08
769,92,94,pending,2022-11-22 15:56:46.615-08,2022-11-22 15:56:46.615-08
770,92,118,accepted,2022-11-22 15:56:46.615-08,2022-11-22 15:56:46.615-08
771,92,95,declined,2022-11-22 15:56:46.615-08,2022-11-22 15:56:46.615-08
772,92,110,accepted,2022-11-22 15:56:46.615-08,2022-11-22 15:56:46.615-08
773,92,119,pending,2022-11-22 15:56:46.615-08,2022-11-22 15:56:46.615-08
774,92,117,declined,2022-11-22 15:56:46.615-08,2022-11-22 15:56:46.615-08
775,92,120,accepted,2022-11-22 15:56:46.615-08,2022-11-22 15:56:46.615-08
776,93,101,accepted,2022-11-22 15:56:46.615-08,2022-11-22 15:56:46.615-08
777,93,135,accepted,2022-11-22 15:56:46.615-08,2022-11-22 15:56:46.615-08
778,93,111,declined,2022-11-22 15:56:46.615-08,2022-11-22 15:56:46.615-08
779,93,122,pending,2022-11-22 15:56:46.615-08,2022-11-22 15:56:46.615-08
780,93,104,accepted,2022-11-22 15:56:46.615-08,2022-11-22 15:56:46.615-08
781,93,105,declined,2022-11-22 15:56:46.615-08,2022-11-22 15:56:46.615-08
782,94,101,declined,2022-11-22 15:56:46.615-08,2022-11-22 15:56:46.615-08
783,94,96,declined,2022-11-22 15:56:46.615-08,2022-11-22 15:56:46.615-08
784,94,125,accepted,2022-11-22 15:56:46.615-08,2022-11-22 15:56:46.615-08
785,94,104,pending,2022-11-22 15:56:46.615-08,2022-11-22 15:56:46.615-08
786,94,128,accepted,2022-11-22 15:56:46.615-08,2022-11-22 15:56:46.615-08
787,94,106,pending,2022-11-22 15:56:46.615-08,2022-11-22 15:56:46.615-08
788,94,132,declined,2022-11-22 15:56:46.615-08,2022-11-22 15:56:46.615-08
789,94,107,declined,2022-11-22 15:56:46.615-08,2022-11-22 15:56:46.615-08
790,94,117,accepted,2022-11-22 15:56:46.615-08,2022-11-22 15:56:46.615-08
791,94,103,declined,2022-11-22 15:56:46.615-08,2022-11-22 15:56:46.615-08
792,94,127,pending,2022-11-22 15:56:46.615-08,2022-11-22 15:56:46.615-08
793,94,123,accepted,2022-11-22 15:56:46.615-08,2022-11-22 15:56:46.615-08
794,95,108,pending,2022-11-22 15:56:46.615-08,2022-11-22 15:56:46.615-08
795,95,129,accepted,2022-11-22 15:56:46.615-08,2022-11-22 15:56:46.615-08
796,95,111,declined,2022-11-22 15:56:46.615-08,2022-11-22 15:56:46.615-08
797,95,119,declined,2022-11-22 15:56:46.615-08,2022-11-22 15:56:46.615-08
798,95,123,declined,2022-11-22 15:56:46.615-08,2022-11-22 15:56:46.615-08
799,95,114,declined,2022-11-22 15:56:46.615-08,2022-11-22 15:56:46.615-08
800,95,103,declined,2022-11-22 15:56:46.615-08,2022-11-22 15:56:46.615-08
801,96,119,pending,2022-11-22 15:56:46.615-08,2022-11-22 15:56:46.615-08
802,96,108,accepted,2022-11-22 15:56:46.615-08,2022-11-22 15:56:46.615-08
803,96,112,declined,2022-11-22 15:56:46.615-08,2022-11-22 15:56:46.615-08
804,96,126,accepted,2022-11-22 15:56:46.615-08,2022-11-22 15:56:46.615-08
805,96,111,pending,2022-11-22 15:56:46.615-08,2022-11-22 15:56:46.615-08
806,96,104,accepted,2022-11-22 15:56:46.615-08,2022-11-22 15:56:46.615-08
807,96,115,declined,2022-11-22 15:56:46.615-08,2022-11-22 15:56:46.615-08
808,97,124,pending,2022-11-22 15:56:46.615-08,2022-11-22 15:56:46.615-08
809,97,133,declined,2022-11-22 15:56:46.615-08,2022-11-22 15:56:46.615-08
810,97,110,declined,2022-11-22 15:56:46.615-08,2022-11-22 15:56:46.615-08
811,97,105,pending,2022-11-22 15:56:46.615-08,2022-11-22 15:56:46.615-08
812,97,101,declined,2022-11-22 15:56:46.615-08,2022-11-22 15:56:46.615-08
813,98,114,declined,2022-11-22 15:56:46.615-08,2022-11-22 15:56:46.615-08
814,98,129,declined,2022-11-22 15:56:46.615-08,2022-11-22 15:56:46.615-08
815,98,104,accepted,2022-11-22 15:56:46.615-08,2022-11-22 15:56:46.615-08
816,98,127,pending,2022-11-22 15:56:46.615-08,2022-11-22 15:56:46.615-08
817,98,118,pending,2022-11-22 15:56:46.615-08,2022-11-22 15:56:46.615-08
818,98,101,accepted,2022-11-22 15:56:46.615-08,2022-11-22 15:56:46.615-08
819,99,127,accepted,2022-11-22 15:56:46.615-08,2022-11-22 15:56:46.615-08
820,99,134,declined,2022-11-22 15:56:46.615-08,2022-11-22 15:56:46.615-08
821,99,114,pending,2022-11-22 15:56:46.615-08,2022-11-22 15:56:46.615-08
822,99,113,declined,2022-11-22 15:56:46.615-08,2022-11-22 15:56:46.615-08
823,99,109,declined,2022-11-22 15:56:46.615-08,2022-11-22 15:56:46.615-08
824,99,102,declined,2022-11-22 15:56:46.615-08,2022-11-22 15:56:46.615-08
825,99,130,pending,2022-11-22 15:56:46.615-08,2022-11-22 15:56:46.615-08
826,99,110,declined,2022-11-22 15:56:46.615-08,2022-11-22 15:56:46.615-08
827,99,123,accepted,2022-11-22 15:56:46.615-08,2022-11-22 15:56:46.615-08
828,99,133,pending,2022-11-22 15:56:46.615-08,2022-11-22 15:56:46.615-08
829,99,120,pending,2022-11-22 15:56:46.615-08,2022-11-22 15:56:46.615-08
830,99,104,pending,2022-11-22 15:56:46.615-08,2022-11-22 15:56:46.615-08
831,100,127,pending,2022-11-22 15:56:46.615-08,2022-11-22 15:56:46.615-08
832,100,135,declined,2022-11-22 15:56:46.615-08,2022-11-22 15:56:46.615-08
833,100,105,accepted,2022-11-22 15:56:46.615-08,2022-11-22 15:56:46.615-08
834,100,128,accepted,2022-11-22 15:56:46.615-08,2022-11-22 15:56:46.615-08
835,100,116,declined,2022-11-22 15:56:46.615-08,2022-11-22 15:56:46.615-08
836,100,107,accepted,2022-11-22 15:56:46.615-08,2022-11-22 15:56:46.615-08
837,101,111,accepted,2022-11-22 15:56:46.615-08,2022-11-22 15:56:46.615-08
838,101,132,pending,2022-11-22 15:56:46.615-08,2022-11-22 15:56:46.615-08
839,101,131,declined,2022-11-22 15:56:46.615-08,2022-11-22 15:56:46.615-08
840,101,113,pending,2022-11-22 15:56:46.615-08,2022-11-22 15:56:46.615-08
841,101,135,accepted,2022-11-22 15:56:46.615-08,2022-11-22 15:56:46.615-08
842,101,118,pending,2022-11-22 15:56:46.615-08,2022-11-22 15:56:46.615-08
843,101,125,accepted,2022-11-22 15:56:46.615-08,2022-11-22 15:56:46.615-08
844,101,107,accepted,2022-11-22 15:56:46.615-08,2022-11-22 15:56:46.615-08
845,102,117,declined,2022-11-22 15:56:46.615-08,2022-11-22 15:56:46.615-08
846,102,129,pending,2022-11-22 15:56:46.615-08,2022-11-22 15:56:46.615-08
847,102,121,accepted,2022-11-22 15:56:46.615-08,2022-11-22 15:56:46.615-08
848,102,131,accepted,2022-11-22 15:56:46.615-08,2022-11-22 15:56:46.615-08
849,102,132,pending,2022-11-22 15:56:46.615-08,2022-11-22 15:56:46.615-08
850,102,106,pending,2022-11-22 15:56:46.615-08,2022-11-22 15:56:46.615-08
851,102,110,pending,2022-11-22 15:56:46.615-08,2022-11-22 15:56:46.615-08
852,102,122,accepted,2022-11-22 15:56:46.615-08,2022-11-22 15:56:46.615-08
853,102,133,pending,2022-11-22 15:56:46.615-08,2022-11-22 15:56:46.615-08
854,102,135,declined,2022-11-22 15:56:46.615-08,2022-11-22 15:56:46.615-08
855,102,111,declined,2022-11-22 15:56:46.615-08,2022-11-22 15:56:46.615-08
856,103,125,accepted,2022-11-22 15:56:46.615-08,2022-11-22 15:56:46.615-08
857,103,113,accepted,2022-11-22 15:56:46.615-08,2022-11-22 15:56:46.615-08
858,103,109,declined,2022-11-22 15:56:46.615-08,2022-11-22 15:56:46.615-08
859,103,133,declined,2022-11-22 15:56:46.615-08,2022-11-22 15:56:46.615-08
860,103,118,declined,2022-11-22 15:56:46.615-08,2022-11-22 15:56:46.615-08
861,103,121,accepted,2022-11-22 15:56:46.615-08,2022-11-22 15:56:46.615-08
862,103,117,accepted,2022-11-22 15:56:46.615-08,2022-11-22 15:56:46.615-08
863,103,122,pending,2022-11-22 15:56:46.615-08,2022-11-22 15:56:46.615-08
864,103,115,declined,2022-11-22 15:56:46.615-08,2022-11-22 15:56:46.615-08
865,103,129,pending,2022-11-22 15:56:46.615-08,2022-11-22 15:56:46.615-08
866,103,112,pending,2022-11-22 15:56:46.615-08,2022-11-22 15:56:46.615-08
867,104,107,pending,2022-11-22 15:56:46.615-08,2022-11-22 15:56:46.615-08
868,104,121,pending,2022-11-22 15:56:46.615-08,2022-11-22 15:56:46.615-08
869,104,125,accepted,2022-11-22 15:56:46.615-08,2022-11-22 15:56:46.615-08
870,104,129,declined,2022-11-22 15:56:46.615-08,2022-11-22 15:56:46.615-08
871,104,118,declined,2022-11-22 15:56:46.615-08,2022-11-22 15:56:46.615-08
872,104,114,pending,2022-11-22 15:56:46.615-08,2022-11-22 15:56:46.615-08
873,104,130,accepted,2022-11-22 15:56:46.615-08,2022-11-22 15:56:46.615-08
874,104,127,declined,2022-11-22 15:56:46.615-08,2022-11-22 15:56:46.615-08
875,105,116,pending,2022-11-22 15:56:46.615-08,2022-11-22 15:56:46.615-08
876,105,115,accepted,2022-11-22 15:56:46.615-08,2022-11-22 15:56:46.615-08
877,105,126,pending,2022-11-22 15:56:46.615-08,2022-11-22 15:56:46.615-08
878,105,132,declined,2022-11-22 15:56:46.615-08,2022-11-22 15:56:46.615-08
879,105,123,accepted,2022-11-22 15:56:46.615-08,2022-11-22 15:56:46.615-08
880,105,109,pending,2022-11-22 15:56:46.615-08,2022-11-22 15:56:46.615-08
881,105,133,accepted,2022-11-22 15:56:46.615-08,2022-11-22 15:56:46.615-08
882,106,123,pending,2022-11-22 15:56:46.615-08,2022-11-22 15:56:46.615-08
883,106,108,accepted,2022-11-22 15:56:46.615-08,2022-11-22 15:56:46.615-08
884,106,131,accepted,2022-11-22 15:56:46.615-08,2022-11-22 15:56:46.615-08
885,106,129,accepted,2022-11-22 15:56:46.615-08,2022-11-22 15:56:46.615-08
886,106,134,pending,2022-11-22 15:56:46.615-08,2022-11-22 15:56:46.615-08
887,106,132,accepted,2022-11-22 15:56:46.615-08,2022-11-22 15:56:46.615-08
888,107,123,pending,2022-11-22 15:56:46.615-08,2022-11-22 15:56:46.615-08
889,107,126,accepted,2022-11-22 15:56:46.615-08,2022-11-22 15:56:46.615-08
890,107,130,declined,2022-11-22 15:56:46.615-08,2022-11-22 15:56:46.615-08
891,107,119,accepted,2022-11-22 15:56:46.615-08,2022-11-22 15:56:46.615-08
892,107,122,accepted,2022-11-22 15:56:46.615-08,2022-11-22 15:56:46.615-08
893,107,112,pending,2022-11-22 15:56:46.615-08,2022-11-22 15:56:46.615-08
894,107,109,pending,2022-11-22 15:56:46.615-08,2022-11-22 15:56:46.615-08
895,107,111,declined,2022-11-22 15:56:46.615-08,2022-11-22 15:56:46.615-08
896,108,121,accepted,2022-11-22 15:56:46.615-08,2022-11-22 15:56:46.615-08
897,108,126,declined,2022-11-22 15:56:46.615-08,2022-11-22 15:56:46.615-08
898,108,110,declined,2022-11-22 15:56:46.615-08,2022-11-22 15:56:46.615-08
899,108,119,declined,2022-11-22 15:56:46.615-08,2022-11-22 15:56:46.615-08
900,108,112,declined,2022-11-22 15:56:46.615-08,2022-11-22 15:56:46.615-08
901,109,125,accepted,2022-11-22 15:56:46.615-08,2022-11-22 15:56:46.615-08
902,109,132,pending,2022-11-22 15:56:46.615-08,2022-11-22 15:56:46.615-08
903,109,116,declined,2022-11-22 15:56:46.615-08,2022-11-22 15:56:46.615-08
904,109,121,accepted,2022-11-22 15:56:46.615-08,2022-11-22 15:56:46.615-08
905,109,133,declined,2022-11-22 15:56:46.615-08,2022-11-22 15:56:46.615-08
906,109,126,accepted,2022-11-22 15:56:46.615-08,2022-11-22 15:56:46.615-08
907,109,120,pending,2022-11-22 15:56:46.615-08,2022-11-22 15:56:46.615-08
908,109,130,pending,2022-11-22 15:56:46.615-08,2022-11-22 15:56:46.615-08
909,110,128,accepted,2022-11-22 15:56:46.615-08,2022-11-22 15:56:46.615-08
910,110,120,declined,2022-11-22 15:56:46.615-08,2022-11-22 15:56:46.615-08
911,110,127,pending,2022-11-22 15:56:46.615-08,2022-11-22 15:56:46.615-08
912,110,131,accepted,2022-11-22 15:56:46.615-08,2022-11-22 15:56:46.615-08
913,110,111,pending,2022-11-22 15:56:46.615-08,2022-11-22 15:56:46.615-08
914,110,122,pending,2022-11-22 15:56:46.615-08,2022-11-22 15:56:46.615-08
915,111,127,declined,2022-11-22 15:56:46.615-08,2022-11-22 15:56:46.615-08
916,111,122,declined,2022-11-22 15:56:46.615-08,2022-11-22 15:56:46.615-08
917,111,124,pending,2022-11-22 15:56:46.615-08,2022-11-22 15:56:46.615-08
918,111,113,accepted,2022-11-22 15:56:46.615-08,2022-11-22 15:56:46.615-08
919,111,134,declined,2022-11-22 15:56:46.615-08,2022-11-22 15:56:46.615-08
920,111,132,pending,2022-11-22 15:56:46.615-08,2022-11-22 15:56:46.615-08
921,111,129,accepted,2022-11-22 15:56:46.615-08,2022-11-22 15:56:46.615-08
922,111,117,declined,2022-11-22 15:56:46.615-08,2022-11-22 15:56:46.615-08
923,112,120,pending,2022-11-22 15:56:46.615-08,2022-11-22 15:56:46.615-08
924,112,117,declined,2022-11-22 15:56:46.615-08,2022-11-22 15:56:46.615-08
925,112,125,pending,2022-11-22 15:56:46.615-08,2022-11-22 15:56:46.615-08
926,112,115,pending,2022-11-22 15:56:46.615-08,2022-11-22 15:56:46.615-08
927,112,130,declined,2022-11-22 15:56:46.615-08,2022-11-22 15:56:46.615-08
928,112,114,pending,2022-11-22 15:56:46.615-08,2022-11-22 15:56:46.615-08
929,112,121,declined,2022-11-22 15:56:46.615-08,2022-11-22 15:56:46.615-08
930,112,134,accepted,2022-11-22 15:56:46.615-08,2022-11-22 15:56:46.615-08
931,113,131,declined,2022-11-22 15:56:46.615-08,2022-11-22 15:56:46.615-08
932,113,123,pending,2022-11-22 15:56:46.615-08,2022-11-22 15:56:46.615-08
933,113,122,declined,2022-11-22 15:56:46.615-08,2022-11-22 15:56:46.615-08
934,113,115,declined,2022-11-22 15:56:46.615-08,2022-11-22 15:56:46.615-08
935,113,114,accepted,2022-11-22 15:56:46.615-08,2022-11-22 15:56:46.615-08
936,113,121,declined,2022-11-22 15:56:46.615-08,2022-11-22 15:56:46.615-08
937,113,135,declined,2022-11-22 15:56:46.615-08,2022-11-22 15:56:46.615-08
938,114,127,declined,2022-11-22 15:56:46.615-08,2022-11-22 15:56:46.615-08
939,114,121,accepted,2022-11-22 15:56:46.615-08,2022-11-22 15:56:46.615-08
940,114,118,accepted,2022-11-22 15:56:46.615-08,2022-11-22 15:56:46.615-08
941,114,116,declined,2022-11-22 15:56:46.615-08,2022-11-22 15:56:46.615-08
942,114,133,declined,2022-11-22 15:56:46.615-08,2022-11-22 15:56:46.615-08
943,114,134,pending,2022-11-22 15:56:46.615-08,2022-11-22 15:56:46.615-08
944,114,125,declined,2022-11-22 15:56:46.615-08,2022-11-22 15:56:46.615-08
945,115,124,declined,2022-11-22 15:56:46.615-08,2022-11-22 15:56:46.615-08
946,115,134,pending,2022-11-22 15:56:46.615-08,2022-11-22 15:56:46.615-08
947,115,130,declined,2022-11-22 15:56:46.615-08,2022-11-22 15:56:46.615-08
948,115,117,accepted,2022-11-22 15:56:46.615-08,2022-11-22 15:56:46.615-08
949,115,125,accepted,2022-11-22 15:56:46.615-08,2022-11-22 15:56:46.615-08
950,115,126,pending,2022-11-22 15:56:46.615-08,2022-11-22 15:56:46.615-08
951,115,129,pending,2022-11-22 15:56:46.615-08,2022-11-22 15:56:46.615-08
952,116,118,declined,2022-11-22 15:56:46.615-08,2022-11-22 15:56:46.615-08
953,116,132,declined,2022-11-22 15:56:46.615-08,2022-11-22 15:56:46.615-08
954,116,123,pending,2022-11-22 15:56:46.615-08,2022-11-22 15:56:46.615-08
955,116,128,pending,2022-11-22 15:56:46.615-08,2022-11-22 15:56:46.615-08
956,116,133,pending,2022-11-22 15:56:46.615-08,2022-11-22 15:56:46.615-08
957,116,135,declined,2022-11-22 15:56:46.615-08,2022-11-22 15:56:46.615-08
958,117,120,pending,2022-11-22 15:56:46.615-08,2022-11-22 15:56:46.615-08
959,117,127,declined,2022-11-22 15:56:46.615-08,2022-11-22 15:56:46.615-08
960,117,125,pending,2022-11-22 15:56:46.615-08,2022-11-22 15:56:46.615-08
961,117,126,accepted,2022-11-22 15:56:46.615-08,2022-11-22 15:56:46.615-08
962,117,122,declined,2022-11-22 15:56:46.615-08,2022-11-22 15:56:46.615-08
963,117,130,accepted,2022-11-22 15:56:46.615-08,2022-11-22 15:56:46.615-08
964,117,131,accepted,2022-11-22 15:56:46.615-08,2022-11-22 15:56:46.615-08
965,117,118,pending,2022-11-22 15:56:46.615-08,2022-11-22 15:56:46.615-08
966,117,119,pending,2022-11-22 15:56:46.615-08,2022-11-22 15:56:46.615-08
967,118,123,declined,2022-11-22 15:56:46.615-08,2022-11-22 15:56:46.615-08
968,118,121,declined,2022-11-22 15:56:46.615-08,2022-11-22 15:56:46.615-08
969,118,130,accepted,2022-11-22 15:56:46.615-08,2022-11-22 15:56:46.615-08
970,118,119,accepted,2022-11-22 15:56:46.615-08,2022-11-22 15:56:46.615-08
971,118,128,declined,2022-11-22 15:56:46.615-08,2022-11-22 15:56:46.615-08
972,118,134,accepted,2022-11-22 15:56:46.615-08,2022-11-22 15:56:46.615-08
973,118,126,accepted,2022-11-22 15:56:46.615-08,2022-11-22 15:56:46.615-08
974,119,121,pending,2022-11-22 15:56:46.615-08,2022-11-22 15:56:46.615-08
975,119,122,accepted,2022-11-22 15:56:46.615-08,2022-11-22 15:56:46.615-08
976,119,134,declined,2022-11-22 15:56:46.615-08,2022-11-22 15:56:46.615-08
977,119,126,pending,2022-11-22 15:56:46.615-08,2022-11-22 15:56:46.615-08
978,119,133,declined,2022-11-22 15:56:46.615-08,2022-11-22 15:56:46.615-08
979,119,123,pending,2022-11-22 15:56:46.615-08,2022-11-22 15:56:46.615-08
980,119,128,accepted,2022-11-22 15:56:46.615-08,2022-11-22 15:56:46.615-08
981,119,125,pending,2022-11-22 15:56:46.615-08,2022-11-22 15:56:46.615-08
982,120,126,declined,2022-11-22 15:56:46.615-08,2022-11-22 15:56:46.615-08
983,120,128,accepted,2022-11-22 15:56:46.615-08,2022-11-22 15:56:46.615-08
984,120,132,pending,2022-11-22 15:56:46.615-08,2022-11-22 15:56:46.615-08
985,120,125,accepted,2022-11-22 15:56:46.615-08,2022-11-22 15:56:46.615-08
986,120,122,accepted,2022-11-22 15:56:46.615-08,2022-11-22 15:56:46.615-08
987,120,131,accepted,2022-11-22 15:56:46.615-08,2022-11-22 15:56:46.615-08
988,120,123,pending,2022-11-22 15:56:46.615-08,2022-11-22 15:56:46.615-08
989,121,125,declined,2022-11-22 15:56:46.615-08,2022-11-22 15:56:46.615-08
990,121,123,declined,2022-11-22 15:56:46.615-08,2022-11-22 15:56:46.615-08
991,121,131,accepted,2022-11-22 15:56:46.615-08,2022-11-22 15:56:46.615-08
992,121,128,accepted,2022-11-22 15:56:46.615-08,2022-11-22 15:56:46.615-08
993,121,126,accepted,2022-11-22 15:56:46.615-08,2022-11-22 15:56:46.615-08
994,121,134,declined,2022-11-22 15:56:46.615-08,2022-11-22 15:56:46.615-08
995,121,130,pending,2022-11-22 15:56:46.615-08,2022-11-22 15:56:46.615-08
996,121,129,declined,2022-11-22 15:56:46.615-08,2022-11-22 15:56:46.615-08
997,121,127,accepted,2022-11-22 15:56:46.615-08,2022-11-22 15:56:46.615-08
998,121,135,accepted,2022-11-22 15:56:46.615-08,2022-11-22 15:56:46.615-08
999,122,128,declined,2022-11-22 15:56:46.615-08,2022-11-22 15:56:46.615-08
1000,122,130,accepted,2022-11-22 15:56:46.615-08,2022-11-22 15:56:46.615-08
1001,122,126,accepted,2022-11-22 15:56:46.615-08,2022-11-22 15:56:46.615-08
1002,122,134,pending,2022-11-22 15:56:46.615-08,2022-11-22 15:56:46.615-08
1003,122,129,declined,2022-11-22 15:56:46.615-08,2022-11-22 15:56:46.615-08
1004,122,123,accepted,2022-11-22 15:56:46.615-08,2022-11-22 15:56:46.615-08
1005,122,124,declined,2022-11-22 15:56:46.615-08,2022-11-22 15:56:46.615-08
1006,123,128,pending,2022-11-22 15:56:46.615-08,2022-11-22 15:56:46.615-08
1007,123,134,declined,2022-11-22 15:56:46.615-08,2022-11-22 15:56:46.615-08
1008,123,124,accepted,2022-11-22 15:56:46.615-08,2022-11-22 15:56:46.615-08
1009,123,132,pending,2022-11-22 15:56:46.615-08,2022-11-22 15:56:46.615-08
1010,123,129,declined,2022-11-22 15:56:46.615-08,2022-11-22 15:56:46.615-08
1011,123,130,accepted,2022-11-22 15:56:46.615-08,2022-11-22 15:56:46.615-08
1012,124,125,declined,2022-11-22 15:56:46.615-08,2022-11-22 15:56:46.615-08
1013,124,132,declined,2022-11-22 15:56:46.615-08,2022-11-22 15:56:46.615-08
1014,124,128,declined,2022-11-22 15:56:46.615-08,2022-11-22 15:56:46.615-08
1015,124,134,pending,2022-11-22 15:56:46.615-08,2022-11-22 15:56:46.615-08
1016,124,127,declined,2022-11-22 15:56:46.615-08,2022-11-22 15:56:46.615-08
1017,124,130,pending,2022-11-22 15:56:46.615-08,2022-11-22 15:56:46.615-08
1018,124,135,accepted,2022-11-22 15:56:46.615-08,2022-11-22 15:56:46.615-08
1019,124,133,pending,2022-11-22 15:56:46.615-08,2022-11-22 15:56:46.615-08
1020,125,128,accepted,2022-11-22 15:56:46.615-08,2022-11-22 15:56:46.615-08
1021,125,129,accepted,2022-11-22 15:56:46.615-08,2022-11-22 15:56:46.615-08
1022,125,134,accepted,2022-11-22 15:56:46.615-08,2022-11-22 15:56:46.615-08
1023,125,133,pending,2022-11-22 15:56:46.615-08,2022-11-22 15:56:46.615-08
1024,125,132,pending,2022-11-22 15:56:46.615-08,2022-11-22 15:56:46.615-08
1025,125,127,pending,2022-11-22 15:56:46.615-08,2022-11-22 15:56:46.615-08
1026,125,130,accepted,2022-11-22 15:56:46.615-08,2022-11-22 15:56:46.615-08
1027,126,131,accepted,2022-11-22 15:56:46.615-08,2022-11-22 15:56:46.615-08
1028,126,129,declined,2022-11-22 15:56:46.615-08,2022-11-22 15:56:46.615-08
1029,126,132,declined,2022-11-22 15:56:46.615-08,2022-11-22 15:56:46.615-08
1030,126,128,declined,2022-11-22 15:56:46.615-08,2022-11-22 15:56:46.615-08
1031,126,130,pending,2022-11-22 15:56:46.615-08,2022-11-22 15:56:46.615-08
1032,127,132,pending,2022-11-22 15:56:46.615-08,2022-11-22 15:56:46.615-08
1033,127,130,accepted,2022-11-22 15:56:46.615-08,2022-11-22 15:56:46.615-08
1034,127,131,accepted,2022-11-22 15:56:46.615-08,2022-11-22 15:56:46.615-08
1035,127,129,pending,2022-11-22 15:56:46.615-08,2022-11-22 15:56:46.615-08
1036,128,130,accepted,2022-11-22 15:56:46.615-08,2022-11-22 15:56:46.615-08
1037,128,131,declined,2022-11-22 15:56:46.615-08,2022-11-22 15:56:46.615-08
1038,128,132,declined,2022-11-22 15:56:46.615-08,2022-11-22 15:56:46.615-08
1039,129,134,accepted,2022-11-22 15:56:46.615-08,2022-11-22 15:56:46.615-08
1040,129,135,declined,2022-11-22 15:56:46.615-08,2022-11-22 15:56:46.615-08
1041,129,131,accepted,2022-11-22 15:56:46.615-08,2022-11-22 15:56:46.615-08
1042,129,133,declined,2022-11-22 15:56:46.615-08,2022-11-22 15:56:46.615-08
1043,129,130,accepted,2022-11-22 15:56:46.615-08,2022-11-22 15:56:46.615-08
1044,129,132,pending,2022-11-22 15:56:46.615-08,2022-11-22 15:56:46.615-08
1045,130,132,pending,2022-11-22 15:56:46.615-08,2022-11-22 15:56:46.615-08
1046,130,134,accepted,2022-11-22 15:56:46.615-08,2022-11-22 15:56:46.615-08
1047,130,133,pending,2022-11-22 15:56:46.615-08,2022-11-22 15:56:46.615-08
1048,131,134,declined,2022-11-22 15:56:46.615-08,2022-11-22 15:56:46.615-08
1049,131,133,declined,2022-11-22 15:56:46.615-08,2022-11-22 15:56:46.615-08
1050,131,132,accepted,2022-11-22 15:56:46.615-08,2022-11-22 15:56:46.615-08
1051,131,135,declined,2022-11-22 15:56:46.615-08,2022-11-22 15:56:46.615-08
1052,132,133,pending,2022-11-22 15:56:46.615-08,2022-11-22 15:56:46.615-08
1053,132,135,declined,2022-11-22 15:56:46.615-08,2022-11-22 15:56:46.615-08
1054,132,134,accepted,2022-11-22 15:56:46.615-08,2022-11-22 15:56:46.615-08
1055,133,134,declined,2022-11-22 15:56:46.615-08,2022-11-22 15:56:46.615-08
1056,133,135,declined,2022-11-22 15:56:46.615-08,2022-11-22 15:56:46.615-08
1057,134,135,accepted,2022-11-22 15:56:46.615-08,2022-11-22 15:56:46.615-08